
> react-lms@0.1.0 dev
> vite


  [32m[1mVITE[22m v7.3.6[39m  [2mready in [0m[1m2248[22m[2m[0m ms[22m

  [32m➜[39m  [1mLocal[22m:   [36mhttp://localhost:[1m5000[22m/master/[39m
  [32m➜[39m  [1mNetwork[22m: [36mhttp://192.168.0.113:[1m5000[22m/master/[39m
[2m1:56:21 am[22m [36m[1m[vite][22m[39m [90m[2m(client)[22m[39m [32mpage reload [39m[2msrc/authentication/login.js[22m
[33mFiles in the public directory are served at the root path.
Instead of [36m/public/img/s_logo.png[33m, use [36m/img/s_logo.png[33m.[39m
[33mFiles in the public directory are served at the root path.
Instead of [36m/public/img/s_logo.png[33m, use [36m/img/s_logo.png[33m.[39m
[33mFiles in the public directory are served at the root path.
Instead of [36m/public/img/s_logo.png[33m, use [36m/img/s_logo.png[33m.[39m
[2m9:03:45 pm[22m [36m[1m[vite][22m[39m [90m[2m(client)[22m[39m [32mpage reload [39m[2msrc/routes.js[22m
[2m9:03:54 pm[22m [36m[1m[vite][22m[39m [90m[2m(client)[22m[39m [32mpage reload [39m[2msrc/routes.js[22m
[2m9:04:28 pm[22m [36m[1m[vite][22m[39m [90m[2m(client)[22m[39m [32mpage reload [39m[2mindex.html[22m
[2m9:05:45 pm[22m [36m[1m[vite][22m[39m [90m[2m(client)[22m[39m [32mpage reload [39m[2msrc/containers/default-layout/modern-header.js[22m
[33mFiles in the public directory are served at the root path.
Instead of [36m/public/img/s_logo.png[33m, use [36m/img/s_logo.png[33m.[39m
[33mFiles in the public directory are served at the root path.
Instead of [36m/public/img/s_logo.png[33m, use [36m/img/s_logo.png[33m.[39m
[33mFiles in the public directory are served at the root path.
Instead of [36m/public/img/s_logo.png[33m, use [36m/img/s_logo.png[33m.[39m
[33mFiles in the public directory are served at the root path.
Instead of [36m/public/img/s_logo.png[33m, use [36m/img/s_logo.png[33m.[39m
[2m11:04:02 pm[22m [36m[1m[vite][22m[39m [90m[2m(client)[22m[39m [32mhmr update [39m[2m/src/styles/index.css[22m
[2m11:38:20 pm[22m [36m[1m[vite][22m[39m [90m[2m(client)[22m[39m [32mhmr update [39m[2m/src/containers/default-layout/modern-sidebar.css[22m
[2m11:38:34 pm[22m [36m[1m[vite][22m[39m [90m[2m(client)[22m[39m [32mpage reload [39m[2msrc/helper/form-helper.js[22m
[33mFiles in the public directory are served at the root path.
Instead of [36m/public/img/s_logo.png[33m, use [36m/img/s_logo.png[33m.[39m
[2m11:40:23 pm[22m [36m[1m[vite][22m[39m [90m[2m(client)[22m[39m [32mpage reload [39m[2msrc/master/views/project-master.js[22m
[33mFiles in the public directory are served at the root path.
Instead of [36m/public/img/s_logo.png[33m, use [36m/img/s_logo.png[33m.[39m
[2m11:41:58 pm[22m [36m[1m[vite][22m[39m [90m[2m(client)[22m[39m [32mpage reload [39m[2msrc/master/views/role-master.js[22m
[2m11:41:58 pm[22m [36m[1m[vite][22m[39m [90m[2m(client)[22m[39m [32mpage reload [39m[2msrc/master/views/user-master.js[22m
[33mFiles in the public directory are served at the root path.
Instead of [36m/public/img/s_logo.png[33m, use [36m/img/s_logo.png[33m.[39m
[2m11:42:22 pm[22m [36m[1m[vite][22m[39m [90m[2m(client)[22m[39m [32mpage reload [39m[2msrc/master/views/role-master.js[22m
[2m11:42:22 pm[22m [36m[1m[vite][22m[39m [90m[2m(client)[22m[39m [32mpage reload [39m[2msrc/master/views/user-master.js[22m
[33mFiles in the public directory are served at the root path.
Instead of [36m/public/img/s_logo.png[33m, use [36m/img/s_logo.png[33m.[39m
[2m11:43:16 pm[22m [36m[1m[vite][22m[39m [90m[2m(client)[22m[39m [32mpage reload [39m[2msrc/helper/table-helper.js[22m
[33mFiles in the public directory are served at the root path.
Instead of [36m/public/img/s_logo.png[33m, use [36m/img/s_logo.png[33m.[39m
[33mFiles in the public directory are served at the root path.
Instead of [36m/public/img/s_logo.png[33m, use [36m/img/s_logo.png[33m.[39m
[2m1:47:52 am[22m [36m[1m[vite][22m[39m [90m[2m(client)[22m[39m [32mpage reload [39m[2msrc/helper/table-helper.js[22m
[2m1:48:07 am[22m [36m[1m[vite][22m[39m [90m[2m(client)[22m[39m [32mpage reload [39m[2msrc/master/views/project-master.js[22m
[33mFiles in the public directory are served at the root path.
Instead of [36m/public/img/s_logo.png[33m, use [36m/img/s_logo.png[33m.[39m
[33mFiles in the public directory are served at the root path.
Instead of [36m/public/img/s_logo.png[33m, use [36m/img/s_logo.png[33m.[39m
[33mFiles in the public directory are served at the root path.
Instead of [36m/public/img/s_logo.png[33m, use [36m/img/s_logo.png[33m.[39m
[33mFiles in the public directory are served at the root path.
Instead of [36m/public/img/s_logo.png[33m, use [36m/img/s_logo.png[33m.[39m
[2m8:12:19 pm[22m [36m[1m[vite][22m[39m [90m[2m(client)[22m[39m [32mpage reload [39m[2msrc/master/views/project-master.js[22m
[33mFiles in the public directory are served at the root path.
Instead of [36m/public/img/s_logo.png[33m, use [36m/img/s_logo.png[33m.[39m
[2m8:12:36 pm[22m [36m[1m[vite][22m[39m [90m[2m(client)[22m[39m [32mpage reload [39m[2msrc/master/views/project-master.js[22m
[33mFiles in the public directory are served at the root path.
Instead of [36m/public/img/s_logo.png[33m, use [36m/img/s_logo.png[33m.[39m
[33mFiles in the public directory are served at the root path.
Instead of [36m/public/img/s_logo.png[33m, use [36m/img/s_logo.png[33m.[39m
[33mFiles in the public directory are served at the root path.
Instead of [36m/public/img/s_logo.png[33m, use [36m/img/s_logo.png[33m.[39m
[33mFiles in the public directory are served at the root path.
Instead of [36m/public/img/s_logo.png[33m, use [36m/img/s_logo.png[33m.[39m
[33mFiles in the public directory are served at the root path.
Instead of [36m/public/img/s_logo.png[33m, use [36m/img/s_logo.png[33m.[39m
[33mFiles in the public directory are served at the root path.
Instead of [36m/public/img/s_logo.png[33m, use [36m/img/s_logo.png[33m.[39m
[2m9:05:25 pm[22m [36m[1m[vite][22m[39m [90m[2m(client)[22m[39m [32mpage reload [39m[2msrc/master/views/project-master.js[22m
[33mFiles in the public directory are served at the root path.
Instead of [36m/public/img/s_logo.png[33m, use [36m/img/s_logo.png[33m.[39m
[2m9:05:51 pm[22m [36m[1m[vite][22m[39m [90m[2m(client)[22m[39m [32mpage reload [39m[2msrc/master/views/project-master.js[22m
[33mFiles in the public directory are served at the root path.
Instead of [36m/public/img/s_logo.png[33m, use [36m/img/s_logo.png[33m.[39m
[33mFiles in the public directory are served at the root path.
Instead of [36m/public/img/s_logo.png[33m, use [36m/img/s_logo.png[33m.[39m
[2m9:11:38 pm[22m [36m[1m[vite][22m[39m [90m[2m(client)[22m[39m [32mhmr update [39m[2m/src/master/views/project-master.css[22m
[2m9:11:41 pm[22m [36m[1m[vite][22m[39m [90m[2m(client)[22m[39m [32mhmr update [39m[2m/src/master/views/project-master.css[22m
[2m9:11:44 pm[22m [36m[1m[vite][22m[39m [90m[2m(client)[22m[39m [32mhmr update [39m[2m/src/master/views/project-master.css[22m
[2m9:11:45 pm[22m [36m[1m[vite][22m[39m [90m[2m(client)[22m[39m [32mhmr update [39m[2m/src/master/views/project-master.css[22m
[2m9:11:48 pm[22m [36m[1m[vite][22m[39m [90m[2m(client)[22m[39m [32mhmr update [39m[2m/src/master/views/project-master.css[22m
[2m9:11:59 pm[22m [36m[1m[vite][22m[39m [90m[2m(client)[22m[39m [32mhmr update [39m[2m/src/master/views/project-master.css[22m
[2m9:11:59 pm[22m [36m[1m[vite][22m[39m [90m[2m(client)[22m[39m [32mhmr update [39m[2m/src/master/views/project-master.css[22m
[2m9:15:08 pm[22m [36m[1m[vite][22m[39m [90m[2m(client)[22m[39m [32mhmr update [39m[2m/src/master/views/project-master.css[22m
[2m9:15:49 pm[22m [36m[1m[vite][22m[39m [90m[2m(client)[22m[39m [32mhmr update [39m[2m/src/master/views/project-master.css[22m
[2m9:15:52 pm[22m [36m[1m[vite][22m[39m [90m[2m(client)[22m[39m [32mhmr update [39m[2m/src/master/views/project-master.css[22m
[2m9:26:00 pm[22m [36m[1m[vite][22m[39m [90m[2m(client)[22m[39m [32mhmr update [39m[2m/src/ccm/ccm.css[22m
[2m9:26:00 pm[22m [31m[1m[vite][22m[39m [31mInternal server error: [postcss] C:/Users/Vikas/Downloads/CCM/frontend/src/ccm/ccm.css:127:90: Unknown word wi[39m
  Plugin: [35mvite:css[39m
  File: [36mC:/Users/Vikas/Downloads/CCM/frontend/src/ccm/ccm.css[39m:127:89
[33m  125 |  
  126 |  /* ── Dashboard ── */
  127 |  .ccm-scope.ccm-dashboard { padding: var(--page-padding); overflow-y: auto; height: 100%; wi }
      |                                                                                           ^
  128 |  
  129 |  .ccm-scope .dash-toolbar {[39m
      at Input.error (C:\Users\Vikas\Downloads\CCM\frontend\node_modules\postcss\lib\input.js:135:16)
      at Parser.unknownWord (C:\Users\Vikas\Downloads\CCM\frontend\node_modules\postcss\lib\parser.js:602:22)
      at Parser.other (C:\Users\Vikas\Downloads\CCM\frontend\node_modules\postcss\lib\parser.js:444:12)
      at Parser.parse (C:\Users\Vikas\Downloads\CCM\frontend\node_modules\postcss\lib\parser.js:479:16)
      at parse (C:\Users\Vikas\Downloads\CCM\frontend\node_modules\postcss\lib\parse.js:11:12)
      at new LazyResult (C:\Users\Vikas\Downloads\CCM\frontend\node_modules\postcss\lib\lazy-result.js:171:16)
      at Processor.process (C:\Users\Vikas\Downloads\CCM\frontend\node_modules\postcss\lib\processor.js:53:14)
      at runPostCSS (file:///C:/Users/Vikas/Downloads/CCM/frontend/node_modules/vite/dist/node/chunks/config.js:30225:68)
      at async compilePostCSS (file:///C:/Users/Vikas/Downloads/CCM/frontend/node_modules/vite/dist/node/chunks/config.js:30209:6)
      at async compileCSS (file:///C:/Users/Vikas/Downloads/CCM/frontend/node_modules/vite/dist/node/chunks/config.js:30139:26)
      at async TransformPluginContext.handler (file:///C:/Users/Vikas/Downloads/CCM/frontend/node_modules/vite/dist/node/chunks/config.js:29672:54)
      at async EnvironmentPluginContainer.transform (file:///C:/Users/Vikas/Downloads/CCM/frontend/node_modules/vite/dist/node/chunks/config.js:28877:14)
      at async loadAndTransform (file:///C:/Users/Vikas/Downloads/CCM/frontend/node_modules/vite/dist/node/chunks/config.js:22746:26)
      at async viteTransformMiddleware (file:///C:/Users/Vikas/Downloads/CCM/frontend/node_modules/vite/dist/node/chunks/config.js:24622:20)
[2m9:26:03 pm[22m [36m[1m[vite][22m[39m [90m[2m(client)[22m[39m [32mhmr update [39m[2m/src/ccm/ccm.css[22m
[2m9:26:09 pm[22m [36m[1m[vite][22m[39m [90m[2m(client)[22m[39m [32mhmr update [39m[2m/src/ccm/ccm.css[22m
[2m9:26:11 pm[22m [36m[1m[vite][22m[39m [90m[2m(client)[22m[39m [32mhmr update [39m[2m/src/ccm/ccm.css[22m
[2m9:26:17 pm[22m [36m[1m[vite][22m[39m [90m[2m(client)[22m[39m [32mhmr update [39m[2m/src/ccm/ccm.css[22m
[2m9:26:21 pm[22m [36m[1m[vite][22m[39m [90m[2m(client)[22m[39m [32mhmr update [39m[2m/src/ccm/ccm.css[22m
[2m9:26:38 pm[22m [36m[1m[vite][22m[39m [90m[2m(client)[22m[39m [32mhmr update [39m[2m/src/ccm/ccm.css[22m
[2m9:26:44 pm[22m [36m[1m[vite][22m[39m [90m[2m(client)[22m[39m [32mhmr update [39m[2m/src/ccm/ccm.css[22m
[2m9:53:15 pm[22m [36m[1m[vite][22m[39m [90m[2m(client)[22m[39m [32mhmr update [39m[2m/src/ccm/ccm.css[22m
[2m9:53:30 pm[22m [36m[1m[vite][22m[39m [90m[2m(client)[22m[39m [32mhmr update [39m[2m/src/ccm/ccm.css[22m
[2m9:53:41 pm[22m [36m[1m[vite][22m[39m [90m[2m(client)[22m[39m [32mhmr update [39m[2m/src/ccm/ccm.css[22m
[33mFiles in the public directory are served at the root path.
Instead of [36m/public/img/s_logo.png[33m, use [36m/img/s_logo.png[33m.[39m
[2m9:54:24 pm[22m [36m[1m[vite][22m[39m [90m[2m(client)[22m[39m [32mhmr update [39m[2m/src/ccm/ccm.css[22m
[2m9:57:34 pm[22m [36m[1m[vite][22m[39m [90m[2m(client)[22m[39m [32mhmr update [39m[2m/src/ccm/ccm.css[22m
[2m9:57:34 pm[22m [31m[1m[vite][22m[39m [31mInternal server error: [postcss] C:/Users/Vikas/Downloads/CCM/frontend/src/ccm/ccm.css:823:3: Unknown word display[39m
  Plugin: [35mvite:css[39m
  File: [36mC:/Users/Vikas/Downloads/CCM/frontend/src/ccm/ccm.css[39m:823:2
[33m  821 |    padding: 20px 24px;
  822 |    wi
  823 |    display: flex;
      |    ^
  824 |    flex-direction: column;
  825 |    gap: 16px;[39m
      at Input.error (C:\Users\Vikas\Downloads\CCM\frontend\node_modules\postcss\lib\input.js:135:16)
      at Parser.unknownWord (C:\Users\Vikas\Downloads\CCM\frontend\node_modules\postcss\lib\parser.js:602:22)
      at Parser.decl (C:\Users\Vikas\Downloads\CCM\frontend\node_modules\postcss\lib\parser.js:242:14)
      at Parser.other (C:\Users\Vikas\Downloads\CCM\frontend\node_modules\postcss\lib\parser.js:408:18)
      at Parser.parse (C:\Users\Vikas\Downloads\CCM\frontend\node_modules\postcss\lib\parser.js:479:16)
      at parse (C:\Users\Vikas\Downloads\CCM\frontend\node_modules\postcss\lib\parse.js:11:12)
      at new LazyResult (C:\Users\Vikas\Downloads\CCM\frontend\node_modules\postcss\lib\lazy-result.js:171:16)
      at Processor.process (C:\Users\Vikas\Downloads\CCM\frontend\node_modules\postcss\lib\processor.js:53:14)
      at runPostCSS (file:///C:/Users/Vikas/Downloads/CCM/frontend/node_modules/vite/dist/node/chunks/config.js:30225:68)
      at async compilePostCSS (file:///C:/Users/Vikas/Downloads/CCM/frontend/node_modules/vite/dist/node/chunks/config.js:30209:6)
      at async compileCSS (file:///C:/Users/Vikas/Downloads/CCM/frontend/node_modules/vite/dist/node/chunks/config.js:30139:26)
      at async TransformPluginContext.handler (file:///C:/Users/Vikas/Downloads/CCM/frontend/node_modules/vite/dist/node/chunks/config.js:29672:54)
      at async EnvironmentPluginContainer.transform (file:///C:/Users/Vikas/Downloads/CCM/frontend/node_modules/vite/dist/node/chunks/config.js:28877:14)
      at async loadAndTransform (file:///C:/Users/Vikas/Downloads/CCM/frontend/node_modules/vite/dist/node/chunks/config.js:22746:26)
      at async viteTransformMiddleware (file:///C:/Users/Vikas/Downloads/CCM/frontend/node_modules/vite/dist/node/chunks/config.js:24622:20)
[2m9:57:35 pm[22m [36m[1m[vite][22m[39m [90m[2m(client)[22m[39m [32mhmr update [39m[2m/src/ccm/ccm.css[22m
[2m9:57:35 pm[22m [31m[1m[vite][22m[39m [31mInternal server error: [postcss] C:/Users/Vikas/Downloads/CCM/frontend/src/ccm/ccm.css:823:3: Unknown word display[39m
  Plugin: [35mvite:css[39m
  File: [36mC:/Users/Vikas/Downloads/CCM/frontend/src/ccm/ccm.css[39m:823:2
[33m  821 |    padding: 20px 24px;
  822 |    width
  823 |    display: flex;
      |    ^
  824 |    flex-direction: column;
  825 |    gap: 16px;[39m
      at Input.error (C:\Users\Vikas\Downloads\CCM\frontend\node_modules\postcss\lib\input.js:135:16)
      at Parser.unknownWord (C:\Users\Vikas\Downloads\CCM\frontend\node_modules\postcss\lib\parser.js:602:22)
      at Parser.decl (C:\Users\Vikas\Downloads\CCM\frontend\node_modules\postcss\lib\parser.js:242:14)
      at Parser.other (C:\Users\Vikas\Downloads\CCM\frontend\node_modules\postcss\lib\parser.js:408:18)
      at Parser.parse (C:\Users\Vikas\Downloads\CCM\frontend\node_modules\postcss\lib\parser.js:479:16)
      at parse (C:\Users\Vikas\Downloads\CCM\frontend\node_modules\postcss\lib\parse.js:11:12)
      at new LazyResult (C:\Users\Vikas\Downloads\CCM\frontend\node_modules\postcss\lib\lazy-result.js:171:16)
      at Processor.process (C:\Users\Vikas\Downloads\CCM\frontend\node_modules\postcss\lib\processor.js:53:14)
      at runPostCSS (file:///C:/Users/Vikas/Downloads/CCM/frontend/node_modules/vite/dist/node/chunks/config.js:30225:68)
      at async compilePostCSS (file:///C:/Users/Vikas/Downloads/CCM/frontend/node_modules/vite/dist/node/chunks/config.js:30209:6)
      at async compileCSS (file:///C:/Users/Vikas/Downloads/CCM/frontend/node_modules/vite/dist/node/chunks/config.js:30139:26)
      at async TransformPluginContext.handler (file:///C:/Users/Vikas/Downloads/CCM/frontend/node_modules/vite/dist/node/chunks/config.js:29672:54)
      at async EnvironmentPluginContainer.transform (file:///C:/Users/Vikas/Downloads/CCM/frontend/node_modules/vite/dist/node/chunks/config.js:28877:14)
      at async loadAndTransform (file:///C:/Users/Vikas/Downloads/CCM/frontend/node_modules/vite/dist/node/chunks/config.js:22746:26)
      at async viteTransformMiddleware (file:///C:/Users/Vikas/Downloads/CCM/frontend/node_modules/vite/dist/node/chunks/config.js:24622:20)
[2m9:57:37 pm[22m [36m[1m[vite][22m[39m [90m[2m(client)[22m[39m [32mhmr update [39m[2m/src/ccm/ccm.css[22m
[2m9:57:43 pm[22m [36m[1m[vite][22m[39m [90m[2m(client)[22m[39m [32mhmr update [39m[2m/src/ccm/ccm.css[22m
[2m9:57:58 pm[22m [36m[1m[vite][22m[39m [90m[2m(client)[22m[39m [32mhmr update [39m[2m/src/ccm/ccm.css[22m
[2m9:58:03 pm[22m [36m[1m[vite][22m[39m [90m[2m(client)[22m[39m [32mhmr update [39m[2m/src/ccm/ccm.css[22m
[2m9:58:10 pm[22m [36m[1m[vite][22m[39m [90m[2m(client)[22m[39m [32mhmr update [39m[2m/src/ccm/ccm.css[22m
[2m9:59:08 pm[22m [36m[1m[vite][22m[39m [90m[2m(client)[22m[39m [32mhmr update [39m[2m/src/ccm/ccm.css[22m
[2m9:59:18 pm[22m [36m[1m[vite][22m[39m [90m[2m(client)[22m[39m [32mhmr update [39m[2m/src/ccm/ccm.css[22m
[2m10:40:15 pm[22m [36m[1m[vite][22m[39m [90m[2m(client)[22m[39m [32mpage reload [39m[2msrc/index.js[22m
[2m10:46:40 pm[22m [36m[1m[vite][22m[39m [90m[2m(client)[22m[39m [32m✨ new dependencies optimized: [33m@mui/material/Button, @mui/material/IconButton, @mui/material/Tooltip, @mui/material/Stack, @mui/material/Grid, @mui/material/TextField, @mui/material/MenuItem, @mui/material/Snackbar, @mui/material/Alert, @mui/material/Box, @mui/material/Backdrop, @mui/material/CircularProgress, @mui/material/Table, @mui/material/TableBody, @mui/material/TableCell, @mui/material/TableContainer, @mui/material/TableHead, @mui/material/TableRow, @mui/material/Paper, @mui/icons-material/EditRounded, @mui/icons-material/DeleteRounded, @mui/icons-material/AddRounded, @mui/icons-material/CloudDownloadRounded, @mui/icons-material/UploadFileRounded, @mui/icons-material/CorporateFareRounded, @mui/material/Typography, @mui/material/Card, @mui/material/Chip, @mui/icons-material/InboxRounded, @mui/material/Dialog, @mui/material/DialogTitle, @mui/material/DialogContent, @mui/material/DialogActions, @mui/icons-material/CloseRounded, @mui/material/Fade, @mui/material/DialogContentText, @mui/x-data-grid, @mui/material/Skeleton[32m[39m
[2m10:46:40 pm[22m [36m[1m[vite][22m[39m [90m[2m(client)[22m[39m [32m✨ optimized dependencies changed. reloading[39m
[2m10:46:59 pm[22m [36m[1m[vite][22m[39m [90m[2m(client)[22m[39m [32m✨ new dependencies optimized: [33m@mui/material/styles, @mui/material/CssBaseline[32m[39m
[2m10:46:59 pm[22m [36m[1m[vite][22m[39m [90m[2m(client)[22m[39m [32m✨ optimized dependencies changed. reloading[39m
[33mFiles in the public directory are served at the root path.
Instead of [36m/public/img/s_logo.png[33m, use [36m/img/s_logo.png[33m.[39m
[33mFiles in the public directory are served at the root path.
Instead of [36m/public/img/s_logo.png[33m, use [36m/img/s_logo.png[33m.[39m
[33mFiles in the public directory are served at the root path.
Instead of [36m/public/img/s_logo.png[33m, use [36m/img/s_logo.png[33m.[39m
[2m11:00:22 pm[22m [36m[1m[vite][22m[39m [90m[2m(client)[22m[39m [32mhmr update [39m[2m/src/components/ui/AppDataGrid.jsx[22m
[2m11:00:50 pm[22m [36m[1m[vite][22m[39m [90m[2m(client)[22m[39m [32mpage reload [39m[2msrc/containers/default-layout/external-layout.js[22m
[2m11:01:03 pm[22m [36m[1m[vite][22m[39m [90m[2m(client)[22m[39m [32mpage reload [39m[2msrc/containers/default-layout/external-layout.js[22m
[2m11:01:20 pm[22m [36m[1m[vite][22m[39m [90m[2m(client)[22m[39m [32m✨ new dependencies optimized: [33m@mui/material/AlertTitle, @mui/icons-material/ReportProblemRounded[32m[39m
[2m11:01:20 pm[22m [36m[1m[vite][22m[39m [90m[2m(client)[22m[39m [32m✨ optimized dependencies changed. reloading[39m
[33mFiles in the public directory are served at the root path.
Instead of [36m/public/img/s_logo.png[33m, use [36m/img/s_logo.png[33m.[39m
[33mFiles in the public directory are served at the root path.
Instead of [36m/public/img/s_logo.png[33m, use [36m/img/s_logo.png[33m.[39m
[33mFiles in the public directory are served at the root path.
Instead of [36m/public/img/s_logo.png[33m, use [36m/img/s_logo.png[33m.[39m
[33mFiles in the public directory are served at the root path.
Instead of [36m/public/img/s_logo.png[33m, use [36m/img/s_logo.png[33m.[39m
[2m12:57:28 am[22m [36m[1m[vite][22m[39m [90m[2m(client)[22m[39m [32mpage reload [39m[2msrc/master/views/location-master.js[22m
[33mFiles in the public directory are served at the root path.
Instead of [36m/public/img/s_logo.png[33m, use [36m/img/s_logo.png[33m.[39m
[2m1:01:52 am[22m [36m[1m[vite][22m[39m [90m[2m(client)[22m[39m [32mpage reload [39m[2msrc/master/views/unit-master.js[22m
[33mFiles in the public directory are served at the root path.
Instead of [36m/public/img/s_logo.png[33m, use [36m/img/s_logo.png[33m.[39m
[33mFiles in the public directory are served at the root path.
Instead of [36m/public/img/s_logo.png[33m, use [36m/img/s_logo.png[33m.[39m
[2m2:02:20 am[22m [36m[1m[vite][22m[39m [90m[2m(client)[22m[39m [32mpage reload [39m[2msrc/master/views/role-master.js[22m
[33mFiles in the public directory are served at the root path.
Instead of [36m/public/img/s_logo.png[33m, use [36m/img/s_logo.png[33m.[39m
[2m2:02:56 am[22m [36m[1m[vite][22m[39m [90m[2m(client)[22m[39m [32mpage reload [39m[2msrc/master/views/role-right-master.js[22m
[33mFiles in the public directory are served at the root path.
Instead of [36m/public/img/s_logo.png[33m, use [36m/img/s_logo.png[33m.[39m
[2m2:10:10 am[22m [36m[1m[vite][22m[39m [90m[2m(client)[22m[39m [32mpage reload [39m[2msrc/master/views/user-master.js[22m
[33mFiles in the public directory are served at the root path.
Instead of [36m/public/img/s_logo.png[33m, use [36m/img/s_logo.png[33m.[39m
[2m2:10:44 am[22m [36m[1m[vite][22m[39m [90m[2m(client)[22m[39m [32mpage reload [39m[2msrc/master/views/user-role-master.js[22m
[33mFiles in the public directory are served at the root path.
Instead of [36m/public/img/s_logo.png[33m, use [36m/img/s_logo.png[33m.[39m
[2m2:11:15 am[22m [36m[1m[vite][22m[39m [90m[2m(client)[22m[39m [32mpage reload [39m[2msrc/master/views/contractor-master.js[22m
[33mFiles in the public directory are served at the root path.
Instead of [36m/public/img/s_logo.png[33m, use [36m/img/s_logo.png[33m.[39m
[2m2:12:15 am[22m [36m[1m[vite][22m[39m [90m[2m(client)[22m[39m [32mpage reload [39m[2msrc/master/views/contract-master.js[22m
[33mFiles in the public directory are served at the root path.
Instead of [36m/public/img/s_logo.png[33m, use [36m/img/s_logo.png[33m.[39m
[2m2:32:13 am[22m [36m[1m[vite][22m[39m [90m[2m(client)[22m[39m [32mpage reload [39m[2msrc/master/views/activity-group-master.js[22m
[33mFiles in the public directory are served at the root path.
Instead of [36m/public/img/s_logo.png[33m, use [36m/img/s_logo.png[33m.[39m
[2m2:36:44 am[22m [36m[1m[vite][22m[39m [90m[2m(client)[22m[39m [32mpage reload [39m[2msrc/master/views/reference-document-master.js[22m
[33mFiles in the public directory are served at the root path.
Instead of [36m/public/img/s_logo.png[33m, use [36m/img/s_logo.png[33m.[39m
[2m2:48:58 am[22m [36m[1m[vite][22m[39m [90m[2m(client)[22m[39m [32mpage reload [39m[2msrc/master/views/monthly-breakup-master.js[22m
[2m2:51:09 am[22m [36m[1m[vite][22m[39m [90m[2m(client)[22m[39m [32mpage reload [39m[2msrc/master/views/monthly-breakup-master.js[22m
[2m2:51:27 am[22m [36m[1m[vite][22m[39m [90m[2m(client)[22m[39m [32mpage reload [39m[2msrc/master/views/monthly-breakup-master.js[22m
[2m2:51:38 am[22m [36m[1m[vite][22m[39m [90m[2m(client)[22m[39m [32mpage reload [39m[2msrc/master/views/monthly-breakup-master.js[22m
[2m2:51:46 am[22m [36m[1m[vite][22m[39m [90m[2m(client)[22m[39m [32mpage reload [39m[2msrc/master/views/monthly-breakup-master.js[22m
[2m2:51:54 am[22m [36m[1m[vite][22m[39m [90m[2m(client)[22m[39m [32mpage reload [39m[2msrc/master/views/monthly-breakup-master.js[22m
[2m2:52:04 am[22m [36m[1m[vite][22m[39m [90m[2m(client)[22m[39m [32mpage reload [39m[2msrc/master/views/monthly-breakup-master.js[22m
[2m2:53:02 am[22m [36m[1m[vite][22m[39m [90m[2m(client)[22m[39m [32mpage reload [39m[2msrc/master/views/monthly-breakup-master.js[22m
[2m2:55:38 am[22m [36m[1m[vite][22m[39m [90m[2m(client)[22m[39m [32mpage reload [39m[2msrc/master/views/project-master.js[22m
[2m2:55:49 am[22m [36m[1m[vite][22m[39m [90m[2m(client)[22m[39m [32mpage reload [39m[2msrc/master/views/project-master.js[22m
[2m2:56:00 am[22m [36m[1m[vite][22m[39m [90m[2m(client)[22m[39m [32mpage reload [39m[2msrc/master/views/project-master.js[22m
[2m2:56:31 am[22m [36m[1m[vite][22m[39m [90m[2m(client)[22m[39m [32mpage reload [39m[2msrc/master/views/project-master.js[22m
[2m2:56:54 am[22m [36m[1m[vite][22m[39m [90m[2m(client)[22m[39m [32mpage reload [39m[2msrc/master/views/project-master.js[22m
[2m2:57:14 am[22m [36m[1m[vite][22m[39m [90m[2m(client)[22m[39m [32mpage reload [39m[2msrc/master/views/project-master.js[22m
[2m2:57:34 am[22m [36m[1m[vite][22m[39m [90m[2m(client)[22m[39m [32mpage reload [39m[2msrc/master/views/project-master.js[22m
[2m2:57:43 am[22m [36m[1m[vite][22m[39m [90m[2m(client)[22m[39m [32mpage reload [39m[2msrc/master/views/project-master.js[22m
[2m2:58:12 am[22m [36m[1m[vite][22m[39m [90m[2m(client)[22m[39m [32mpage reload [39m[2msrc/master/views/project-master.js[22m
[2m2:58:23 am[22m [36m[1m[vite][22m[39m [90m[2m(client)[22m[39m [32mpage reload [39m[2msrc/master/views/project-master.js[22m
[2m2:59:53 am[22m [36m[1m[vite][22m[39m [90m[2m(client)[22m[39m [32mpage reload [39m[2msrc/master/views/project-master.js[22m
[2m3:00:23 am[22m [36m[1m[vite][22m[39m [90m[2m(client)[22m[39m [32mpage reload [39m[2msrc/master/views/project-master.js[22m
[2m3:14:31 am[22m [36m[1m[vite][22m[39m [90m[2m(client)[22m[39m [32mpage reload [39m[2msrc/master/views/activity-master.js[22m
[2m3:32:58 am[22m [36m[1m[vite][22m[39m [90m[2m(client)[22m[39m [32m✨ new dependencies optimized: [33m@mui/icons-material/VisibilityRounded, @mui/icons-material/FolderOpenRounded[32m[39m
[2m3:32:58 am[22m [36m[1m[vite][22m[39m [90m[2m(client)[22m[39m [32m✨ optimized dependencies changed. reloading[39m
[33mFiles in the public directory are served at the root path.
Instead of [36m/public/img/s_logo.png[33m, use [36m/img/s_logo.png[33m.[39m
[2m3:40:38 am[22m [36m[1m[vite][22m[39m [90m[2m(client)[22m[39m [32mhmr update [39m[2m/src/components/ui/EmptyState.jsx[22m
[2m3:45:32 am[22m [36m[1m[vite][22m[39m [90m[2m(client)[22m[39m [32mpage reload [39m[2msrc/helper/common-utility.js[22m
[33mFiles in the public directory are served at the root path.
Instead of [36m/public/img/s_logo.png[33m, use [36m/img/s_logo.png[33m.[39m
[2m3:45:53 am[22m [36m[1m[vite][22m[39m [90m[2m(client)[22m[39m [32mpage reload [39m[2msrc/master/controller/base-controller.js[22m
[33mFiles in the public directory are served at the root path.
Instead of [36m/public/img/s_logo.png[33m, use [36m/img/s_logo.png[33m.[39m
[2m3:46:29 am[22m [36m[1m[vite][22m[39m [90m[2m(client)[22m[39m [32mpage reload [39m[2msrc/helper/table-helper.js[22m
[33mFiles in the public directory are served at the root path.
Instead of [36m/public/img/s_logo.png[33m, use [36m/img/s_logo.png[33m.[39m
[2m3:47:12 am[22m [36m[1m[vite][22m[39m [90m[2m(client)[22m[39m [32mpage reload [39m[2msrc/helper/form-helper.js[22m
[2m3:47:12 am[22m [31m[1m[vite][22m[39m [31m[2m(client)[22m[39m Pre-transform error: C:\Users\Vikas\Downloads\CCM\frontend\src\helper\form-helper.js: Unexpected token, expected "," (52:12)

[0m [90m 50 |[39m
 [90m 51 |[39m [36mexport[39m {
[31m[1m>[22m[39m[90m 52 |[39m   labelAlign[33m:[39m [32m"left"[39m[33m,[39m
 [90m    |[39m             [31m[1m^[22m[39m
 [90m 53 |[39m   rowSpan[33m:[39m [35m24[39m[33m,[39m
 [90m 54 |[39m   colSpan[33m:[39m [35m24[39m[33m,[39m
 [90m 55 |[39m   validateMessages[33m,[39m[0m
  Plugin: [35mvite:react-babel[39m
  File: [36mC:/Users/Vikas/Downloads/CCM/frontend/src/helper/form-helper.js[39m:52:12
[33m  50 |  
  51 |  export {
  52 |    labelAlign: "left",
     |              ^
  53 |    rowSpan: 24,
  54 |    colSpan: 24,[39m
[2m3:47:12 am[22m [31m[1m[vite][22m[39m [31mInternal server error: C:\Users\Vikas\Downloads\CCM\frontend\src\helper\form-helper.js: Unexpected token, expected "," (52:12)

[0m [90m 50 |[31m
 [90m 51 |[31m [36mexport[31m {
[31m[1m>[22m[31m[90m 52 |[31m   labelAlign[33m:[31m [32m"left"[31m[33m,[31m
 [90m    |[31m             [31m[1m^[22m[31m
 [90m 53 |[31m   rowSpan[33m:[31m [35m24[31m[33m,[31m
 [90m 54 |[31m   colSpan[33m:[31m [35m24[31m[33m,[31m
 [90m 55 |[31m   validateMessages[33m,[31m[0m[39m
  Plugin: [35mvite:react-babel[39m
  File: [36mC:/Users/Vikas/Downloads/CCM/frontend/src/helper/form-helper.js[39m:52:12
[33m  50 |  
  51 |  export {
  52 |    labelAlign: "left",
     |              ^
  53 |    rowSpan: 24,
  54 |    colSpan: 24,[39m
      at constructor (C:\Users\Vikas\Downloads\CCM\frontend\node_modules\@babel\parser\lib\index.js:365:19)
      at JSXParserMixin.raise (C:\Users\Vikas\Downloads\CCM\frontend\node_modules\@babel\parser\lib\index.js:6616:19)
      at JSXParserMixin.unexpected (C:\Users\Vikas\Downloads\CCM\frontend\node_modules\@babel\parser\lib\index.js:6636:16)
      at JSXParserMixin.expect (C:\Users\Vikas\Downloads\CCM\frontend\node_modules\@babel\parser\lib\index.js:6916:12)
      at JSXParserMixin.parseExportSpecifiers (C:\Users\Vikas\Downloads\CCM\frontend\node_modules\@babel\parser\lib\index.js:14108:14)
      at JSXParserMixin.maybeParseExportNamedSpecifiers (C:\Users\Vikas\Downloads\CCM\frontend\node_modules\@babel\parser\lib\index.js:13889:37)
      at JSXParserMixin.parseExport (C:\Users\Vikas\Downloads\CCM\frontend\node_modules\@babel\parser\lib\index.js:13814:32)
      at JSXParserMixin.parseStatementContent (C:\Users\Vikas\Downloads\CCM\frontend\node_modules\@babel\parser\lib\index.js:12895:27)
      at JSXParserMixin.parseStatementLike (C:\Users\Vikas\Downloads\CCM\frontend\node_modules\@babel\parser\lib\index.js:12784:17)
      at JSXParserMixin.parseModuleItem (C:\Users\Vikas\Downloads\CCM\frontend\node_modules\@babel\parser\lib\index.js:12761:17)
      at JSXParserMixin.parseBlockOrModuleBlockBody (C:\Users\Vikas\Downloads\CCM\frontend\node_modules\@babel\parser\lib\index.js:13333:36)
      at JSXParserMixin.parseBlockBody (C:\Users\Vikas\Downloads\CCM\frontend\node_modules\@babel\parser\lib\index.js:13326:10)
      at JSXParserMixin.parseProgram (C:\Users\Vikas\Downloads\CCM\frontend\node_modules\@babel\parser\lib\index.js:12639:10)
      at JSXParserMixin.parseTopLevel (C:\Users\Vikas\Downloads\CCM\frontend\node_modules\@babel\parser\lib\index.js:12629:25)
      at JSXParserMixin.parse (C:\Users\Vikas\Downloads\CCM\frontend\node_modules\@babel\parser\lib\index.js:14505:25)
      at parse (C:\Users\Vikas\Downloads\CCM\frontend\node_modules\@babel\parser\lib\index.js:14539:38)
      at parser (C:\Users\Vikas\Downloads\CCM\frontend\node_modules\@babel\core\lib\parser\index.js:41:34)
      at parser.next (<anonymous>)
      at normalizeFile (C:\Users\Vikas\Downloads\CCM\frontend\node_modules\@babel\core\lib\transformation\normalize-file.js:51:37)
      at normalizeFile.next (<anonymous>)
      at run (C:\Users\Vikas\Downloads\CCM\frontend\node_modules\@babel\core\lib\transformation\index.js:22:50)
      at run.next (<anonymous>)
      at transform (C:\Users\Vikas\Downloads\CCM\frontend\node_modules\@babel\core\lib\transform.js:22:33)
      at transform.next (<anonymous>)
      at step (C:\Users\Vikas\Downloads\CCM\frontend\node_modules\gensync\index.js:261:32)
      at C:\Users\Vikas\Downloads\CCM\frontend\node_modules\gensync\index.js:273:13
      at async.call.result.err.err (C:\Users\Vikas\Downloads\CCM\frontend\node_modules\gensync\index.js:223:11)
[2m3:47:13 am[22m [31m[1m[vite][22m[39m [31mInternal server error: C:\Users\Vikas\Downloads\CCM\frontend\src\helper\form-helper.js: Unexpected token, expected "," (52:12)

[0m [90m 50 |[31m
 [90m 51 |[31m [36mexport[31m {
[31m[1m>[22m[31m[90m 52 |[31m   labelAlign[33m:[31m [32m"left"[31m[33m,[31m
 [90m    |[31m             [31m[1m^[22m[31m
 [90m 53 |[31m   rowSpan[33m:[31m [35m24[31m[33m,[31m
 [90m 54 |[31m   colSpan[33m:[31m [35m24[31m[33m,[31m
 [90m 55 |[31m   validateMessages[33m,[31m[0m[39m
  Plugin: [35mvite:react-babel[39m
  File: [36mC:/Users/Vikas/Downloads/CCM/frontend/src/helper/form-helper.js[39m:52:12
[33m  50 |  
  51 |  export {
  52 |    labelAlign: "left",
     |              ^
  53 |    rowSpan: 24,
  54 |    colSpan: 24,[39m
      at constructor (C:\Users\Vikas\Downloads\CCM\frontend\node_modules\@babel\parser\lib\index.js:365:19)
      at JSXParserMixin.raise (C:\Users\Vikas\Downloads\CCM\frontend\node_modules\@babel\parser\lib\index.js:6616:19)
      at JSXParserMixin.unexpected (C:\Users\Vikas\Downloads\CCM\frontend\node_modules\@babel\parser\lib\index.js:6636:16)
      at JSXParserMixin.expect (C:\Users\Vikas\Downloads\CCM\frontend\node_modules\@babel\parser\lib\index.js:6916:12)
      at JSXParserMixin.parseExportSpecifiers (C:\Users\Vikas\Downloads\CCM\frontend\node_modules\@babel\parser\lib\index.js:14108:14)
      at JSXParserMixin.maybeParseExportNamedSpecifiers (C:\Users\Vikas\Downloads\CCM\frontend\node_modules\@babel\parser\lib\index.js:13889:37)
      at JSXParserMixin.parseExport (C:\Users\Vikas\Downloads\CCM\frontend\node_modules\@babel\parser\lib\index.js:13814:32)
      at JSXParserMixin.parseStatementContent (C:\Users\Vikas\Downloads\CCM\frontend\node_modules\@babel\parser\lib\index.js:12895:27)
      at JSXParserMixin.parseStatementLike (C:\Users\Vikas\Downloads\CCM\frontend\node_modules\@babel\parser\lib\index.js:12784:17)
      at JSXParserMixin.parseModuleItem (C:\Users\Vikas\Downloads\CCM\frontend\node_modules\@babel\parser\lib\index.js:12761:17)
      at JSXParserMixin.parseBlockOrModuleBlockBody (C:\Users\Vikas\Downloads\CCM\frontend\node_modules\@babel\parser\lib\index.js:13333:36)
      at JSXParserMixin.parseBlockBody (C:\Users\Vikas\Downloads\CCM\frontend\node_modules\@babel\parser\lib\index.js:13326:10)
      at JSXParserMixin.parseProgram (C:\Users\Vikas\Downloads\CCM\frontend\node_modules\@babel\parser\lib\index.js:12639:10)
      at JSXParserMixin.parseTopLevel (C:\Users\Vikas\Downloads\CCM\frontend\node_modules\@babel\parser\lib\index.js:12629:25)
      at JSXParserMixin.parse (C:\Users\Vikas\Downloads\CCM\frontend\node_modules\@babel\parser\lib\index.js:14505:25)
      at parse (C:\Users\Vikas\Downloads\CCM\frontend\node_modules\@babel\parser\lib\index.js:14539:38)
      at parser (C:\Users\Vikas\Downloads\CCM\frontend\node_modules\@babel\core\lib\parser\index.js:41:34)
      at parser.next (<anonymous>)
      at normalizeFile (C:\Users\Vikas\Downloads\CCM\frontend\node_modules\@babel\core\lib\transformation\normalize-file.js:51:37)
      at normalizeFile.next (<anonymous>)
      at run (C:\Users\Vikas\Downloads\CCM\frontend\node_modules\@babel\core\lib\transformation\index.js:22:50)
      at run.next (<anonymous>)
      at transform (C:\Users\Vikas\Downloads\CCM\frontend\node_modules\@babel\core\lib\transform.js:22:33)
      at transform.next (<anonymous>)
      at step (C:\Users\Vikas\Downloads\CCM\frontend\node_modules\gensync\index.js:261:32)
      at C:\Users\Vikas\Downloads\CCM\frontend\node_modules\gensync\index.js:273:13
      at async.call.result.err.err (C:\Users\Vikas\Downloads\CCM\frontend\node_modules\gensync\index.js:223:11)
[33mFiles in the public directory are served at the root path.
Instead of [36m/public/img/s_logo.png[33m, use [36m/img/s_logo.png[33m.[39m
[2m3:47:35 am[22m [36m[1m[vite][22m[39m [90m[2m(client)[22m[39m [32mpage reload [39m[2msrc/helper/form-helper.js[22m
[2m3:47:35 am[22m [31m[1m[vite][22m[39m [31m[2m(client)[22m[39m Pre-transform error: C:\Users\Vikas\Downloads\CCM\frontend\src\helper\form-helper.js: Unexpected token, expected "," (52:12)

[0m [90m 50 |[39m
 [90m 51 |[39m [36mexport[39m {
[31m[1m>[22m[39m[90m 52 |[39m   labelAlign[33m:[39m [32m"left"[39m[33m,[39m
 [90m    |[39m             [31m[1m^[22m[39m
 [90m 53 |[39m   rowSpan[33m:[39m [35m24[39m[33m,[39m
 [90m 54 |[39m   colSpan[33m:[39m [35m24[39m[33m,[39m
 [90m 55 |[39m   validateMessages[33m,[39m[0m
  Plugin: [35mvite:react-babel[39m
  File: [36mC:/Users/Vikas/Downloads/CCM/frontend/src/helper/form-helper.js[39m:52:12
[33m  50 |  
  51 |  export {
  52 |    labelAlign: "left",
     |              ^
  53 |    rowSpan: 24,
  54 |    colSpan: 24,[39m
[2m3:47:35 am[22m [31m[1m[vite][22m[39m [31mInternal server error: C:\Users\Vikas\Downloads\CCM\frontend\src\helper\form-helper.js: Unexpected token, expected "," (52:12)

[0m [90m 50 |[31m
 [90m 51 |[31m [36mexport[31m {
[31m[1m>[22m[31m[90m 52 |[31m   labelAlign[33m:[31m [32m"left"[31m[33m,[31m
 [90m    |[31m             [31m[1m^[22m[31m
 [90m 53 |[31m   rowSpan[33m:[31m [35m24[31m[33m,[31m
 [90m 54 |[31m   colSpan[33m:[31m [35m24[31m[33m,[31m
 [90m 55 |[31m   validateMessages[33m,[31m[0m[39m
  Plugin: [35mvite:react-babel[39m
  File: [36mC:/Users/Vikas/Downloads/CCM/frontend/src/helper/form-helper.js[39m:52:12
[33m  50 |  
  51 |  export {
  52 |    labelAlign: "left",
     |              ^
  53 |    rowSpan: 24,
  54 |    colSpan: 24,[39m
      at constructor (C:\Users\Vikas\Downloads\CCM\frontend\node_modules\@babel\parser\lib\index.js:365:19)
      at JSXParserMixin.raise (C:\Users\Vikas\Downloads\CCM\frontend\node_modules\@babel\parser\lib\index.js:6616:19)
      at JSXParserMixin.unexpected (C:\Users\Vikas\Downloads\CCM\frontend\node_modules\@babel\parser\lib\index.js:6636:16)
      at JSXParserMixin.expect (C:\Users\Vikas\Downloads\CCM\frontend\node_modules\@babel\parser\lib\index.js:6916:12)
      at JSXParserMixin.parseExportSpecifiers (C:\Users\Vikas\Downloads\CCM\frontend\node_modules\@babel\parser\lib\index.js:14108:14)
      at JSXParserMixin.maybeParseExportNamedSpecifiers (C:\Users\Vikas\Downloads\CCM\frontend\node_modules\@babel\parser\lib\index.js:13889:37)
      at JSXParserMixin.parseExport (C:\Users\Vikas\Downloads\CCM\frontend\node_modules\@babel\parser\lib\index.js:13814:32)
      at JSXParserMixin.parseStatementContent (C:\Users\Vikas\Downloads\CCM\frontend\node_modules\@babel\parser\lib\index.js:12895:27)
      at JSXParserMixin.parseStatementLike (C:\Users\Vikas\Downloads\CCM\frontend\node_modules\@babel\parser\lib\index.js:12784:17)
      at JSXParserMixin.parseModuleItem (C:\Users\Vikas\Downloads\CCM\frontend\node_modules\@babel\parser\lib\index.js:12761:17)
      at JSXParserMixin.parseBlockOrModuleBlockBody (C:\Users\Vikas\Downloads\CCM\frontend\node_modules\@babel\parser\lib\index.js:13333:36)
      at JSXParserMixin.parseBlockBody (C:\Users\Vikas\Downloads\CCM\frontend\node_modules\@babel\parser\lib\index.js:13326:10)
      at JSXParserMixin.parseProgram (C:\Users\Vikas\Downloads\CCM\frontend\node_modules\@babel\parser\lib\index.js:12639:10)
      at JSXParserMixin.parseTopLevel (C:\Users\Vikas\Downloads\CCM\frontend\node_modules\@babel\parser\lib\index.js:12629:25)
      at JSXParserMixin.parse (C:\Users\Vikas\Downloads\CCM\frontend\node_modules\@babel\parser\lib\index.js:14505:25)
      at parse (C:\Users\Vikas\Downloads\CCM\frontend\node_modules\@babel\parser\lib\index.js:14539:38)
      at parser (C:\Users\Vikas\Downloads\CCM\frontend\node_modules\@babel\core\lib\parser\index.js:41:34)
      at parser.next (<anonymous>)
      at normalizeFile (C:\Users\Vikas\Downloads\CCM\frontend\node_modules\@babel\core\lib\transformation\normalize-file.js:51:37)
      at normalizeFile.next (<anonymous>)
      at run (C:\Users\Vikas\Downloads\CCM\frontend\node_modules\@babel\core\lib\transformation\index.js:22:50)
      at run.next (<anonymous>)
      at transform (C:\Users\Vikas\Downloads\CCM\frontend\node_modules\@babel\core\lib\transform.js:22:33)
      at transform.next (<anonymous>)
      at step (C:\Users\Vikas\Downloads\CCM\frontend\node_modules\gensync\index.js:261:32)
      at C:\Users\Vikas\Downloads\CCM\frontend\node_modules\gensync\index.js:273:13
      at async.call.result.err.err (C:\Users\Vikas\Downloads\CCM\frontend\node_modules\gensync\index.js:223:11)
[2m3:47:35 am[22m [31m[1m[vite][22m[39m [31mInternal server error: C:\Users\Vikas\Downloads\CCM\frontend\src\helper\form-helper.js: Unexpected token, expected "," (52:12)

[0m [90m 50 |[31m
 [90m 51 |[31m [36mexport[31m {
[31m[1m>[22m[31m[90m 52 |[31m   labelAlign[33m:[31m [32m"left"[31m[33m,[31m
 [90m    |[31m             [31m[1m^[22m[31m
 [90m 53 |[31m   rowSpan[33m:[31m [35m24[31m[33m,[31m
 [90m 54 |[31m   colSpan[33m:[31m [35m24[31m[33m,[31m
 [90m 55 |[31m   validateMessages[33m,[31m[0m[39m
  Plugin: [35mvite:react-babel[39m
  File: [36mC:/Users/Vikas/Downloads/CCM/frontend/src/helper/form-helper.js[39m:52:12
[33m  50 |  
  51 |  export {
  52 |    labelAlign: "left",
     |              ^
  53 |    rowSpan: 24,
  54 |    colSpan: 24,[39m
      at constructor (C:\Users\Vikas\Downloads\CCM\frontend\node_modules\@babel\parser\lib\index.js:365:19)
      at JSXParserMixin.raise (C:\Users\Vikas\Downloads\CCM\frontend\node_modules\@babel\parser\lib\index.js:6616:19)
      at JSXParserMixin.unexpected (C:\Users\Vikas\Downloads\CCM\frontend\node_modules\@babel\parser\lib\index.js:6636:16)
      at JSXParserMixin.expect (C:\Users\Vikas\Downloads\CCM\frontend\node_modules\@babel\parser\lib\index.js:6916:12)
      at JSXParserMixin.parseExportSpecifiers (C:\Users\Vikas\Downloads\CCM\frontend\node_modules\@babel\parser\lib\index.js:14108:14)
      at JSXParserMixin.maybeParseExportNamedSpecifiers (C:\Users\Vikas\Downloads\CCM\frontend\node_modules\@babel\parser\lib\index.js:13889:37)
      at JSXParserMixin.parseExport (C:\Users\Vikas\Downloads\CCM\frontend\node_modules\@babel\parser\lib\index.js:13814:32)
      at JSXParserMixin.parseStatementContent (C:\Users\Vikas\Downloads\CCM\frontend\node_modules\@babel\parser\lib\index.js:12895:27)
      at JSXParserMixin.parseStatementLike (C:\Users\Vikas\Downloads\CCM\frontend\node_modules\@babel\parser\lib\index.js:12784:17)
      at JSXParserMixin.parseModuleItem (C:\Users\Vikas\Downloads\CCM\frontend\node_modules\@babel\parser\lib\index.js:12761:17)
      at JSXParserMixin.parseBlockOrModuleBlockBody (C:\Users\Vikas\Downloads\CCM\frontend\node_modules\@babel\parser\lib\index.js:13333:36)
      at JSXParserMixin.parseBlockBody (C:\Users\Vikas\Downloads\CCM\frontend\node_modules\@babel\parser\lib\index.js:13326:10)
      at JSXParserMixin.parseProgram (C:\Users\Vikas\Downloads\CCM\frontend\node_modules\@babel\parser\lib\index.js:12639:10)
      at JSXParserMixin.parseTopLevel (C:\Users\Vikas\Downloads\CCM\frontend\node_modules\@babel\parser\lib\index.js:12629:25)
      at JSXParserMixin.parse (C:\Users\Vikas\Downloads\CCM\frontend\node_modules\@babel\parser\lib\index.js:14505:25)
      at parse (C:\Users\Vikas\Downloads\CCM\frontend\node_modules\@babel\parser\lib\index.js:14539:38)
      at parser (C:\Users\Vikas\Downloads\CCM\frontend\node_modules\@babel\core\lib\parser\index.js:41:34)
      at parser.next (<anonymous>)
      at normalizeFile (C:\Users\Vikas\Downloads\CCM\frontend\node_modules\@babel\core\lib\transformation\normalize-file.js:51:37)
      at normalizeFile.next (<anonymous>)
      at run (C:\Users\Vikas\Downloads\CCM\frontend\node_modules\@babel\core\lib\transformation\index.js:22:50)
      at run.next (<anonymous>)
      at transform (C:\Users\Vikas\Downloads\CCM\frontend\node_modules\@babel\core\lib\transform.js:22:33)
      at transform.next (<anonymous>)
      at step (C:\Users\Vikas\Downloads\CCM\frontend\node_modules\gensync\index.js:261:32)
      at C:\Users\Vikas\Downloads\CCM\frontend\node_modules\gensync\index.js:273:13
      at async.call.result.err.err (C:\Users\Vikas\Downloads\CCM\frontend\node_modules\gensync\index.js:223:11)
[33mFiles in the public directory are served at the root path.
Instead of [36m/public/img/s_logo.png[33m, use [36m/img/s_logo.png[33m.[39m
[2m3:47:38 am[22m [36m[1m[vite][22m[39m [90m[2m(client)[22m[39m [32mhmr update [39m[2m/src/components/ui/AppDataGrid.jsx[22m
[2m3:47:38 am[22m [31m[1m[vite][22m[39m [31m[2m(client)[22m[39m Pre-transform error: C:\Users\Vikas\Downloads\CCM\frontend\src\helper\form-helper.js: Unexpected token, expected "," (52:12)

[0m [90m 50 |[39m
 [90m 51 |[39m [36mexport[39m {
[31m[1m>[22m[39m[90m 52 |[39m   labelAlign[33m:[39m [32m"left"[39m[33m,[39m
 [90m    |[39m             [31m[1m^[22m[39m
 [90m 53 |[39m   rowSpan[33m:[39m [35m24[39m[33m,[39m
 [90m 54 |[39m   colSpan[33m:[39m [35m24[39m[33m,[39m
 [90m 55 |[39m   validateMessages[33m,[39m[0m
  Plugin: [35mvite:react-babel[39m
  File: [36mC:/Users/Vikas/Downloads/CCM/frontend/src/helper/form-helper.js[39m:52:12
[33m  50 |  
  51 |  export {
  52 |    labelAlign: "left",
     |              ^
  53 |    rowSpan: 24,
  54 |    colSpan: 24,[39m
[2m3:47:38 am[22m [31m[1m[vite][22m[39m [31mInternal server error: C:\Users\Vikas\Downloads\CCM\frontend\src\helper\form-helper.js: Unexpected token, expected "," (52:12)

[0m [90m 50 |[31m
 [90m 51 |[31m [36mexport[31m {
[31m[1m>[22m[31m[90m 52 |[31m   labelAlign[33m:[31m [32m"left"[31m[33m,[31m
 [90m    |[31m             [31m[1m^[22m[31m
 [90m 53 |[31m   rowSpan[33m:[31m [35m24[31m[33m,[31m
 [90m 54 |[31m   colSpan[33m:[31m [35m24[31m[33m,[31m
 [90m 55 |[31m   validateMessages[33m,[31m[0m[39m
  Plugin: [35mvite:react-babel[39m
  File: [36mC:/Users/Vikas/Downloads/CCM/frontend/src/helper/form-helper.js[39m:52:12
[33m  50 |  
  51 |  export {
  52 |    labelAlign: "left",
     |              ^
  53 |    rowSpan: 24,
  54 |    colSpan: 24,[39m
      at constructor (C:\Users\Vikas\Downloads\CCM\frontend\node_modules\@babel\parser\lib\index.js:365:19)
      at JSXParserMixin.raise (C:\Users\Vikas\Downloads\CCM\frontend\node_modules\@babel\parser\lib\index.js:6616:19)
      at JSXParserMixin.unexpected (C:\Users\Vikas\Downloads\CCM\frontend\node_modules\@babel\parser\lib\index.js:6636:16)
      at JSXParserMixin.expect (C:\Users\Vikas\Downloads\CCM\frontend\node_modules\@babel\parser\lib\index.js:6916:12)
      at JSXParserMixin.parseExportSpecifiers (C:\Users\Vikas\Downloads\CCM\frontend\node_modules\@babel\parser\lib\index.js:14108:14)
      at JSXParserMixin.maybeParseExportNamedSpecifiers (C:\Users\Vikas\Downloads\CCM\frontend\node_modules\@babel\parser\lib\index.js:13889:37)
      at JSXParserMixin.parseExport (C:\Users\Vikas\Downloads\CCM\frontend\node_modules\@babel\parser\lib\index.js:13814:32)
      at JSXParserMixin.parseStatementContent (C:\Users\Vikas\Downloads\CCM\frontend\node_modules\@babel\parser\lib\index.js:12895:27)
      at JSXParserMixin.parseStatementLike (C:\Users\Vikas\Downloads\CCM\frontend\node_modules\@babel\parser\lib\index.js:12784:17)
      at JSXParserMixin.parseModuleItem (C:\Users\Vikas\Downloads\CCM\frontend\node_modules\@babel\parser\lib\index.js:12761:17)
      at JSXParserMixin.parseBlockOrModuleBlockBody (C:\Users\Vikas\Downloads\CCM\frontend\node_modules\@babel\parser\lib\index.js:13333:36)
      at JSXParserMixin.parseBlockBody (C:\Users\Vikas\Downloads\CCM\frontend\node_modules\@babel\parser\lib\index.js:13326:10)
      at JSXParserMixin.parseProgram (C:\Users\Vikas\Downloads\CCM\frontend\node_modules\@babel\parser\lib\index.js:12639:10)
      at JSXParserMixin.parseTopLevel (C:\Users\Vikas\Downloads\CCM\frontend\node_modules\@babel\parser\lib\index.js:12629:25)
      at JSXParserMixin.parse (C:\Users\Vikas\Downloads\CCM\frontend\node_modules\@babel\parser\lib\index.js:14505:25)
      at parse (C:\Users\Vikas\Downloads\CCM\frontend\node_modules\@babel\parser\lib\index.js:14539:38)
      at parser (C:\Users\Vikas\Downloads\CCM\frontend\node_modules\@babel\core\lib\parser\index.js:41:34)
      at parser.next (<anonymous>)
      at normalizeFile (C:\Users\Vikas\Downloads\CCM\frontend\node_modules\@babel\core\lib\transformation\normalize-file.js:51:37)
      at normalizeFile.next (<anonymous>)
      at run (C:\Users\Vikas\Downloads\CCM\frontend\node_modules\@babel\core\lib\transformation\index.js:22:50)
      at run.next (<anonymous>)
      at transform (C:\Users\Vikas\Downloads\CCM\frontend\node_modules\@babel\core\lib\transform.js:22:33)
      at transform.next (<anonymous>)
      at step (C:\Users\Vikas\Downloads\CCM\frontend\node_modules\gensync\index.js:261:32)
      at C:\Users\Vikas\Downloads\CCM\frontend\node_modules\gensync\index.js:273:13
      at async.call.result.err.err (C:\Users\Vikas\Downloads\CCM\frontend\node_modules\gensync\index.js:223:11)
[2m3:47:38 am[22m [31m[1m[vite][22m[39m [31mInternal server error: C:\Users\Vikas\Downloads\CCM\frontend\src\helper\form-helper.js: Unexpected token, expected "," (52:12)

[0m [90m 50 |[31m
 [90m 51 |[31m [36mexport[31m {
[31m[1m>[22m[31m[90m 52 |[31m   labelAlign[33m:[31m [32m"left"[31m[33m,[31m
 [90m    |[31m             [31m[1m^[22m[31m
 [90m 53 |[31m   rowSpan[33m:[31m [35m24[31m[33m,[31m
 [90m 54 |[31m   colSpan[33m:[31m [35m24[31m[33m,[31m
 [90m 55 |[31m   validateMessages[33m,[31m[0m[39m
  Plugin: [35mvite:react-babel[39m
  File: [36mC:/Users/Vikas/Downloads/CCM/frontend/src/helper/form-helper.js[39m:52:12
[33m  50 |  
  51 |  export {
  52 |    labelAlign: "left",
     |              ^
  53 |    rowSpan: 24,
  54 |    colSpan: 24,[39m
      at constructor (C:\Users\Vikas\Downloads\CCM\frontend\node_modules\@babel\parser\lib\index.js:365:19)
      at JSXParserMixin.raise (C:\Users\Vikas\Downloads\CCM\frontend\node_modules\@babel\parser\lib\index.js:6616:19)
      at JSXParserMixin.unexpected (C:\Users\Vikas\Downloads\CCM\frontend\node_modules\@babel\parser\lib\index.js:6636:16)
      at JSXParserMixin.expect (C:\Users\Vikas\Downloads\CCM\frontend\node_modules\@babel\parser\lib\index.js:6916:12)
      at JSXParserMixin.parseExportSpecifiers (C:\Users\Vikas\Downloads\CCM\frontend\node_modules\@babel\parser\lib\index.js:14108:14)
      at JSXParserMixin.maybeParseExportNamedSpecifiers (C:\Users\Vikas\Downloads\CCM\frontend\node_modules\@babel\parser\lib\index.js:13889:37)
      at JSXParserMixin.parseExport (C:\Users\Vikas\Downloads\CCM\frontend\node_modules\@babel\parser\lib\index.js:13814:32)
      at JSXParserMixin.parseStatementContent (C:\Users\Vikas\Downloads\CCM\frontend\node_modules\@babel\parser\lib\index.js:12895:27)
      at JSXParserMixin.parseStatementLike (C:\Users\Vikas\Downloads\CCM\frontend\node_modules\@babel\parser\lib\index.js:12784:17)
      at JSXParserMixin.parseModuleItem (C:\Users\Vikas\Downloads\CCM\frontend\node_modules\@babel\parser\lib\index.js:12761:17)
      at JSXParserMixin.parseBlockOrModuleBlockBody (C:\Users\Vikas\Downloads\CCM\frontend\node_modules\@babel\parser\lib\index.js:13333:36)
      at JSXParserMixin.parseBlockBody (C:\Users\Vikas\Downloads\CCM\frontend\node_modules\@babel\parser\lib\index.js:13326:10)
      at JSXParserMixin.parseProgram (C:\Users\Vikas\Downloads\CCM\frontend\node_modules\@babel\parser\lib\index.js:12639:10)
      at JSXParserMixin.parseTopLevel (C:\Users\Vikas\Downloads\CCM\frontend\node_modules\@babel\parser\lib\index.js:12629:25)
      at JSXParserMixin.parse (C:\Users\Vikas\Downloads\CCM\frontend\node_modules\@babel\parser\lib\index.js:14505:25)
      at parse (C:\Users\Vikas\Downloads\CCM\frontend\node_modules\@babel\parser\lib\index.js:14539:38)
      at parser (C:\Users\Vikas\Downloads\CCM\frontend\node_modules\@babel\core\lib\parser\index.js:41:34)
      at parser.next (<anonymous>)
      at normalizeFile (C:\Users\Vikas\Downloads\CCM\frontend\node_modules\@babel\core\lib\transformation\normalize-file.js:51:37)
      at normalizeFile.next (<anonymous>)
      at run (C:\Users\Vikas\Downloads\CCM\frontend\node_modules\@babel\core\lib\transformation\index.js:22:50)
      at run.next (<anonymous>)
      at transform (C:\Users\Vikas\Downloads\CCM\frontend\node_modules\@babel\core\lib\transform.js:22:33)
      at transform.next (<anonymous>)
      at step (C:\Users\Vikas\Downloads\CCM\frontend\node_modules\gensync\index.js:261:32)
      at C:\Users\Vikas\Downloads\CCM\frontend\node_modules\gensync\index.js:273:13
      at async.call.result.err.err (C:\Users\Vikas\Downloads\CCM\frontend\node_modules\gensync\index.js:223:11)
[33mFiles in the public directory are served at the root path.
Instead of [36m/public/img/s_logo.png[33m, use [36m/img/s_logo.png[33m.[39m
[2m3:48:19 am[22m [36m[1m[vite][22m[39m [90m[2m(client)[22m[39m [32mpage reload [39m[2msrc/containers/default-layout/external-layout.js[22m
[2m3:48:19 am[22m [31m[1m[vite][22m[39m [31m[2m(client)[22m[39m Pre-transform error: C:\Users\Vikas\Downloads\CCM\frontend\src\helper\form-helper.js: Unexpected token, expected "," (52:12)

[0m [90m 50 |[39m
 [90m 51 |[39m [36mexport[39m {
[31m[1m>[22m[39m[90m 52 |[39m   labelAlign[33m:[39m [32m"left"[39m[33m,[39m
 [90m    |[39m             [31m[1m^[22m[39m
 [90m 53 |[39m   rowSpan[33m:[39m [35m24[39m[33m,[39m
 [90m 54 |[39m   colSpan[33m:[39m [35m24[39m[33m,[39m
 [90m 55 |[39m   validateMessages[33m,[39m[0m
  Plugin: [35mvite:react-babel[39m
  File: [36mC:/Users/Vikas/Downloads/CCM/frontend/src/helper/form-helper.js[39m:52:12
[33m  50 |  
  51 |  export {
  52 |    labelAlign: "left",
     |              ^
  53 |    rowSpan: 24,
  54 |    colSpan: 24,[39m
[2m3:48:19 am[22m [31m[1m[vite][22m[39m [31mInternal server error: C:\Users\Vikas\Downloads\CCM\frontend\src\helper\form-helper.js: Unexpected token, expected "," (52:12)

[0m [90m 50 |[31m
 [90m 51 |[31m [36mexport[31m {
[31m[1m>[22m[31m[90m 52 |[31m   labelAlign[33m:[31m [32m"left"[31m[33m,[31m
 [90m    |[31m             [31m[1m^[22m[31m
 [90m 53 |[31m   rowSpan[33m:[31m [35m24[31m[33m,[31m
 [90m 54 |[31m   colSpan[33m:[31m [35m24[31m[33m,[31m
 [90m 55 |[31m   validateMessages[33m,[31m[0m[39m
  Plugin: [35mvite:react-babel[39m
  File: [36mC:/Users/Vikas/Downloads/CCM/frontend/src/helper/form-helper.js[39m:52:12
[33m  50 |  
  51 |  export {
  52 |    labelAlign: "left",
     |              ^
  53 |    rowSpan: 24,
  54 |    colSpan: 24,[39m
      at constructor (C:\Users\Vikas\Downloads\CCM\frontend\node_modules\@babel\parser\lib\index.js:365:19)
      at JSXParserMixin.raise (C:\Users\Vikas\Downloads\CCM\frontend\node_modules\@babel\parser\lib\index.js:6616:19)
      at JSXParserMixin.unexpected (C:\Users\Vikas\Downloads\CCM\frontend\node_modules\@babel\parser\lib\index.js:6636:16)
      at JSXParserMixin.expect (C:\Users\Vikas\Downloads\CCM\frontend\node_modules\@babel\parser\lib\index.js:6916:12)
      at JSXParserMixin.parseExportSpecifiers (C:\Users\Vikas\Downloads\CCM\frontend\node_modules\@babel\parser\lib\index.js:14108:14)
      at JSXParserMixin.maybeParseExportNamedSpecifiers (C:\Users\Vikas\Downloads\CCM\frontend\node_modules\@babel\parser\lib\index.js:13889:37)
      at JSXParserMixin.parseExport (C:\Users\Vikas\Downloads\CCM\frontend\node_modules\@babel\parser\lib\index.js:13814:32)
      at JSXParserMixin.parseStatementContent (C:\Users\Vikas\Downloads\CCM\frontend\node_modules\@babel\parser\lib\index.js:12895:27)
      at JSXParserMixin.parseStatementLike (C:\Users\Vikas\Downloads\CCM\frontend\node_modules\@babel\parser\lib\index.js:12784:17)
      at JSXParserMixin.parseModuleItem (C:\Users\Vikas\Downloads\CCM\frontend\node_modules\@babel\parser\lib\index.js:12761:17)
      at JSXParserMixin.parseBlockOrModuleBlockBody (C:\Users\Vikas\Downloads\CCM\frontend\node_modules\@babel\parser\lib\index.js:13333:36)
      at JSXParserMixin.parseBlockBody (C:\Users\Vikas\Downloads\CCM\frontend\node_modules\@babel\parser\lib\index.js:13326:10)
      at JSXParserMixin.parseProgram (C:\Users\Vikas\Downloads\CCM\frontend\node_modules\@babel\parser\lib\index.js:12639:10)
      at JSXParserMixin.parseTopLevel (C:\Users\Vikas\Downloads\CCM\frontend\node_modules\@babel\parser\lib\index.js:12629:25)
      at JSXParserMixin.parse (C:\Users\Vikas\Downloads\CCM\frontend\node_modules\@babel\parser\lib\index.js:14505:25)
      at parse (C:\Users\Vikas\Downloads\CCM\frontend\node_modules\@babel\parser\lib\index.js:14539:38)
      at parser (C:\Users\Vikas\Downloads\CCM\frontend\node_modules\@babel\core\lib\parser\index.js:41:34)
      at parser.next (<anonymous>)
      at normalizeFile (C:\Users\Vikas\Downloads\CCM\frontend\node_modules\@babel\core\lib\transformation\normalize-file.js:51:37)
      at normalizeFile.next (<anonymous>)
      at run (C:\Users\Vikas\Downloads\CCM\frontend\node_modules\@babel\core\lib\transformation\index.js:22:50)
      at run.next (<anonymous>)
      at transform (C:\Users\Vikas\Downloads\CCM\frontend\node_modules\@babel\core\lib\transform.js:22:33)
      at transform.next (<anonymous>)
      at step (C:\Users\Vikas\Downloads\CCM\frontend\node_modules\gensync\index.js:261:32)
      at C:\Users\Vikas\Downloads\CCM\frontend\node_modules\gensync\index.js:273:13
      at async.call.result.err.err (C:\Users\Vikas\Downloads\CCM\frontend\node_modules\gensync\index.js:223:11)
[2m3:48:20 am[22m [31m[1m[vite][22m[39m [31mInternal server error: C:\Users\Vikas\Downloads\CCM\frontend\src\helper\form-helper.js: Unexpected token, expected "," (52:12)

[0m [90m 50 |[31m
 [90m 51 |[31m [36mexport[31m {
[31m[1m>[22m[31m[90m 52 |[31m   labelAlign[33m:[31m [32m"left"[31m[33m,[31m
 [90m    |[31m             [31m[1m^[22m[31m
 [90m 53 |[31m   rowSpan[33m:[31m [35m24[31m[33m,[31m
 [90m 54 |[31m   colSpan[33m:[31m [35m24[31m[33m,[31m
 [90m 55 |[31m   validateMessages[33m,[31m[0m[39m
  Plugin: [35mvite:react-babel[39m
  File: [36mC:/Users/Vikas/Downloads/CCM/frontend/src/helper/form-helper.js[39m:52:12
[33m  50 |  
  51 |  export {
  52 |    labelAlign: "left",
     |              ^
  53 |    rowSpan: 24,
  54 |    colSpan: 24,[39m
      at constructor (C:\Users\Vikas\Downloads\CCM\frontend\node_modules\@babel\parser\lib\index.js:365:19)
      at JSXParserMixin.raise (C:\Users\Vikas\Downloads\CCM\frontend\node_modules\@babel\parser\lib\index.js:6616:19)
      at JSXParserMixin.unexpected (C:\Users\Vikas\Downloads\CCM\frontend\node_modules\@babel\parser\lib\index.js:6636:16)
      at JSXParserMixin.expect (C:\Users\Vikas\Downloads\CCM\frontend\node_modules\@babel\parser\lib\index.js:6916:12)
      at JSXParserMixin.parseExportSpecifiers (C:\Users\Vikas\Downloads\CCM\frontend\node_modules\@babel\parser\lib\index.js:14108:14)
      at JSXParserMixin.maybeParseExportNamedSpecifiers (C:\Users\Vikas\Downloads\CCM\frontend\node_modules\@babel\parser\lib\index.js:13889:37)
      at JSXParserMixin.parseExport (C:\Users\Vikas\Downloads\CCM\frontend\node_modules\@babel\parser\lib\index.js:13814:32)
      at JSXParserMixin.parseStatementContent (C:\Users\Vikas\Downloads\CCM\frontend\node_modules\@babel\parser\lib\index.js:12895:27)
      at JSXParserMixin.parseStatementLike (C:\Users\Vikas\Downloads\CCM\frontend\node_modules\@babel\parser\lib\index.js:12784:17)
      at JSXParserMixin.parseModuleItem (C:\Users\Vikas\Downloads\CCM\frontend\node_modules\@babel\parser\lib\index.js:12761:17)
      at JSXParserMixin.parseBlockOrModuleBlockBody (C:\Users\Vikas\Downloads\CCM\frontend\node_modules\@babel\parser\lib\index.js:13333:36)
      at JSXParserMixin.parseBlockBody (C:\Users\Vikas\Downloads\CCM\frontend\node_modules\@babel\parser\lib\index.js:13326:10)
      at JSXParserMixin.parseProgram (C:\Users\Vikas\Downloads\CCM\frontend\node_modules\@babel\parser\lib\index.js:12639:10)
      at JSXParserMixin.parseTopLevel (C:\Users\Vikas\Downloads\CCM\frontend\node_modules\@babel\parser\lib\index.js:12629:25)
      at JSXParserMixin.parse (C:\Users\Vikas\Downloads\CCM\frontend\node_modules\@babel\parser\lib\index.js:14505:25)
      at parse (C:\Users\Vikas\Downloads\CCM\frontend\node_modules\@babel\parser\lib\index.js:14539:38)
      at parser (C:\Users\Vikas\Downloads\CCM\frontend\node_modules\@babel\core\lib\parser\index.js:41:34)
      at parser.next (<anonymous>)
      at normalizeFile (C:\Users\Vikas\Downloads\CCM\frontend\node_modules\@babel\core\lib\transformation\normalize-file.js:51:37)
      at normalizeFile.next (<anonymous>)
      at run (C:\Users\Vikas\Downloads\CCM\frontend\node_modules\@babel\core\lib\transformation\index.js:22:50)
      at run.next (<anonymous>)
      at transform (C:\Users\Vikas\Downloads\CCM\frontend\node_modules\@babel\core\lib\transform.js:22:33)
      at transform.next (<anonymous>)
      at step (C:\Users\Vikas\Downloads\CCM\frontend\node_modules\gensync\index.js:261:32)
      at C:\Users\Vikas\Downloads\CCM\frontend\node_modules\gensync\index.js:273:13
      at async.call.result.err.err (C:\Users\Vikas\Downloads\CCM\frontend\node_modules\gensync\index.js:223:11)
[33mFiles in the public directory are served at the root path.
Instead of [36m/public/img/s_logo.png[33m, use [36m/img/s_logo.png[33m.[39m
[2m3:48:30 am[22m [36m[1m[vite][22m[39m [90m[2m(client)[22m[39m [32mpage reload [39m[2msrc/containers/default-layout/external-layout.js[22m
[2m3:48:30 am[22m [31m[1m[vite][22m[39m [31m[2m(client)[22m[39m Pre-transform error: C:\Users\Vikas\Downloads\CCM\frontend\src\helper\form-helper.js: Unexpected token, expected "," (52:12)

[0m [90m 50 |[39m
 [90m 51 |[39m [36mexport[39m {
[31m[1m>[22m[39m[90m 52 |[39m   labelAlign[33m:[39m [32m"left"[39m[33m,[39m
 [90m    |[39m             [31m[1m^[22m[39m
 [90m 53 |[39m   rowSpan[33m:[39m [35m24[39m[33m,[39m
 [90m 54 |[39m   colSpan[33m:[39m [35m24[39m[33m,[39m
 [90m 55 |[39m   validateMessages[33m,[39m[0m
  Plugin: [35mvite:react-babel[39m
  File: [36mC:/Users/Vikas/Downloads/CCM/frontend/src/helper/form-helper.js[39m:52:12
[33m  50 |  
  51 |  export {
  52 |    labelAlign: "left",
     |              ^
  53 |    rowSpan: 24,
  54 |    colSpan: 24,[39m
[2m3:48:30 am[22m [31m[1m[vite][22m[39m [31mInternal server error: C:\Users\Vikas\Downloads\CCM\frontend\src\helper\form-helper.js: Unexpected token, expected "," (52:12)

[0m [90m 50 |[31m
 [90m 51 |[31m [36mexport[31m {
[31m[1m>[22m[31m[90m 52 |[31m   labelAlign[33m:[31m [32m"left"[31m[33m,[31m
 [90m    |[31m             [31m[1m^[22m[31m
 [90m 53 |[31m   rowSpan[33m:[31m [35m24[31m[33m,[31m
 [90m 54 |[31m   colSpan[33m:[31m [35m24[31m[33m,[31m
 [90m 55 |[31m   validateMessages[33m,[31m[0m[39m
  Plugin: [35mvite:react-babel[39m
  File: [36mC:/Users/Vikas/Downloads/CCM/frontend/src/helper/form-helper.js[39m:52:12
[33m  50 |  
  51 |  export {
  52 |    labelAlign: "left",
     |              ^
  53 |    rowSpan: 24,
  54 |    colSpan: 24,[39m
      at constructor (C:\Users\Vikas\Downloads\CCM\frontend\node_modules\@babel\parser\lib\index.js:365:19)
      at JSXParserMixin.raise (C:\Users\Vikas\Downloads\CCM\frontend\node_modules\@babel\parser\lib\index.js:6616:19)
      at JSXParserMixin.unexpected (C:\Users\Vikas\Downloads\CCM\frontend\node_modules\@babel\parser\lib\index.js:6636:16)
      at JSXParserMixin.expect (C:\Users\Vikas\Downloads\CCM\frontend\node_modules\@babel\parser\lib\index.js:6916:12)
      at JSXParserMixin.parseExportSpecifiers (C:\Users\Vikas\Downloads\CCM\frontend\node_modules\@babel\parser\lib\index.js:14108:14)
      at JSXParserMixin.maybeParseExportNamedSpecifiers (C:\Users\Vikas\Downloads\CCM\frontend\node_modules\@babel\parser\lib\index.js:13889:37)
      at JSXParserMixin.parseExport (C:\Users\Vikas\Downloads\CCM\frontend\node_modules\@babel\parser\lib\index.js:13814:32)
      at JSXParserMixin.parseStatementContent (C:\Users\Vikas\Downloads\CCM\frontend\node_modules\@babel\parser\lib\index.js:12895:27)
      at JSXParserMixin.parseStatementLike (C:\Users\Vikas\Downloads\CCM\frontend\node_modules\@babel\parser\lib\index.js:12784:17)
      at JSXParserMixin.parseModuleItem (C:\Users\Vikas\Downloads\CCM\frontend\node_modules\@babel\parser\lib\index.js:12761:17)
      at JSXParserMixin.parseBlockOrModuleBlockBody (C:\Users\Vikas\Downloads\CCM\frontend\node_modules\@babel\parser\lib\index.js:13333:36)
      at JSXParserMixin.parseBlockBody (C:\Users\Vikas\Downloads\CCM\frontend\node_modules\@babel\parser\lib\index.js:13326:10)
      at JSXParserMixin.parseProgram (C:\Users\Vikas\Downloads\CCM\frontend\node_modules\@babel\parser\lib\index.js:12639:10)
      at JSXParserMixin.parseTopLevel (C:\Users\Vikas\Downloads\CCM\frontend\node_modules\@babel\parser\lib\index.js:12629:25)
      at JSXParserMixin.parse (C:\Users\Vikas\Downloads\CCM\frontend\node_modules\@babel\parser\lib\index.js:14505:25)
      at parse (C:\Users\Vikas\Downloads\CCM\frontend\node_modules\@babel\parser\lib\index.js:14539:38)
      at parser (C:\Users\Vikas\Downloads\CCM\frontend\node_modules\@babel\core\lib\parser\index.js:41:34)
      at parser.next (<anonymous>)
      at normalizeFile (C:\Users\Vikas\Downloads\CCM\frontend\node_modules\@babel\core\lib\transformation\normalize-file.js:51:37)
      at normalizeFile.next (<anonymous>)
      at run (C:\Users\Vikas\Downloads\CCM\frontend\node_modules\@babel\core\lib\transformation\index.js:22:50)
      at run.next (<anonymous>)
      at transform (C:\Users\Vikas\Downloads\CCM\frontend\node_modules\@babel\core\lib\transform.js:22:33)
      at transform.next (<anonymous>)
      at step (C:\Users\Vikas\Downloads\CCM\frontend\node_modules\gensync\index.js:261:32)
      at C:\Users\Vikas\Downloads\CCM\frontend\node_modules\gensync\index.js:273:13
      at async.call.result.err.err (C:\Users\Vikas\Downloads\CCM\frontend\node_modules\gensync\index.js:223:11)
[2m3:48:31 am[22m [31m[1m[vite][22m[39m [31mInternal server error: C:\Users\Vikas\Downloads\CCM\frontend\src\helper\form-helper.js: Unexpected token, expected "," (52:12)

[0m [90m 50 |[31m
 [90m 51 |[31m [36mexport[31m {
[31m[1m>[22m[31m[90m 52 |[31m   labelAlign[33m:[31m [32m"left"[31m[33m,[31m
 [90m    |[31m             [31m[1m^[22m[31m
 [90m 53 |[31m   rowSpan[33m:[31m [35m24[31m[33m,[31m
 [90m 54 |[31m   colSpan[33m:[31m [35m24[31m[33m,[31m
 [90m 55 |[31m   validateMessages[33m,[31m[0m[39m
  Plugin: [35mvite:react-babel[39m
  File: [36mC:/Users/Vikas/Downloads/CCM/frontend/src/helper/form-helper.js[39m:52:12
[33m  50 |  
  51 |  export {
  52 |    labelAlign: "left",
     |              ^
  53 |    rowSpan: 24,
  54 |    colSpan: 24,[39m
      at constructor (C:\Users\Vikas\Downloads\CCM\frontend\node_modules\@babel\parser\lib\index.js:365:19)
      at JSXParserMixin.raise (C:\Users\Vikas\Downloads\CCM\frontend\node_modules\@babel\parser\lib\index.js:6616:19)
      at JSXParserMixin.unexpected (C:\Users\Vikas\Downloads\CCM\frontend\node_modules\@babel\parser\lib\index.js:6636:16)
      at JSXParserMixin.expect (C:\Users\Vikas\Downloads\CCM\frontend\node_modules\@babel\parser\lib\index.js:6916:12)
      at JSXParserMixin.parseExportSpecifiers (C:\Users\Vikas\Downloads\CCM\frontend\node_modules\@babel\parser\lib\index.js:14108:14)
      at JSXParserMixin.maybeParseExportNamedSpecifiers (C:\Users\Vikas\Downloads\CCM\frontend\node_modules\@babel\parser\lib\index.js:13889:37)
      at JSXParserMixin.parseExport (C:\Users\Vikas\Downloads\CCM\frontend\node_modules\@babel\parser\lib\index.js:13814:32)
      at JSXParserMixin.parseStatementContent (C:\Users\Vikas\Downloads\CCM\frontend\node_modules\@babel\parser\lib\index.js:12895:27)
      at JSXParserMixin.parseStatementLike (C:\Users\Vikas\Downloads\CCM\frontend\node_modules\@babel\parser\lib\index.js:12784:17)
      at JSXParserMixin.parseModuleItem (C:\Users\Vikas\Downloads\CCM\frontend\node_modules\@babel\parser\lib\index.js:12761:17)
      at JSXParserMixin.parseBlockOrModuleBlockBody (C:\Users\Vikas\Downloads\CCM\frontend\node_modules\@babel\parser\lib\index.js:13333:36)
      at JSXParserMixin.parseBlockBody (C:\Users\Vikas\Downloads\CCM\frontend\node_modules\@babel\parser\lib\index.js:13326:10)
      at JSXParserMixin.parseProgram (C:\Users\Vikas\Downloads\CCM\frontend\node_modules\@babel\parser\lib\index.js:12639:10)
      at JSXParserMixin.parseTopLevel (C:\Users\Vikas\Downloads\CCM\frontend\node_modules\@babel\parser\lib\index.js:12629:25)
      at JSXParserMixin.parse (C:\Users\Vikas\Downloads\CCM\frontend\node_modules\@babel\parser\lib\index.js:14505:25)
      at parse (C:\Users\Vikas\Downloads\CCM\frontend\node_modules\@babel\parser\lib\index.js:14539:38)
      at parser (C:\Users\Vikas\Downloads\CCM\frontend\node_modules\@babel\core\lib\parser\index.js:41:34)
      at parser.next (<anonymous>)
      at normalizeFile (C:\Users\Vikas\Downloads\CCM\frontend\node_modules\@babel\core\lib\transformation\normalize-file.js:51:37)
      at normalizeFile.next (<anonymous>)
      at run (C:\Users\Vikas\Downloads\CCM\frontend\node_modules\@babel\core\lib\transformation\index.js:22:50)
      at run.next (<anonymous>)
      at transform (C:\Users\Vikas\Downloads\CCM\frontend\node_modules\@babel\core\lib\transform.js:22:33)
      at transform.next (<anonymous>)
      at step (C:\Users\Vikas\Downloads\CCM\frontend\node_modules\gensync\index.js:261:32)
      at C:\Users\Vikas\Downloads\CCM\frontend\node_modules\gensync\index.js:273:13
      at async.call.result.err.err (C:\Users\Vikas\Downloads\CCM\frontend\node_modules\gensync\index.js:223:11)
[33mFiles in the public directory are served at the root path.
Instead of [36m/public/img/s_logo.png[33m, use [36m/img/s_logo.png[33m.[39m
[2m3:48:57 am[22m [36m[1m[vite][22m[39m [90m[2m(client)[22m[39m [32mpage reload [39m[2msrc/containers/default-layout/modern-header.js[22m
[2m3:48:57 am[22m [31m[1m[vite][22m[39m [31m[2m(client)[22m[39m Pre-transform error: C:\Users\Vikas\Downloads\CCM\frontend\src\helper\form-helper.js: Unexpected token, expected "," (52:12)

[0m [90m 50 |[39m
 [90m 51 |[39m [36mexport[39m {
[31m[1m>[22m[39m[90m 52 |[39m   labelAlign[33m:[39m [32m"left"[39m[33m,[39m
 [90m    |[39m             [31m[1m^[22m[39m
 [90m 53 |[39m   rowSpan[33m:[39m [35m24[39m[33m,[39m
 [90m 54 |[39m   colSpan[33m:[39m [35m24[39m[33m,[39m
 [90m 55 |[39m   validateMessages[33m,[39m[0m
  Plugin: [35mvite:react-babel[39m
  File: [36mC:/Users/Vikas/Downloads/CCM/frontend/src/helper/form-helper.js[39m:52:12
[33m  50 |  
  51 |  export {
  52 |    labelAlign: "left",
     |              ^
  53 |    rowSpan: 24,
  54 |    colSpan: 24,[39m
[2m3:48:57 am[22m [31m[1m[vite][22m[39m [31mInternal server error: C:\Users\Vikas\Downloads\CCM\frontend\src\helper\form-helper.js: Unexpected token, expected "," (52:12)

[0m [90m 50 |[31m
 [90m 51 |[31m [36mexport[31m {
[31m[1m>[22m[31m[90m 52 |[31m   labelAlign[33m:[31m [32m"left"[31m[33m,[31m
 [90m    |[31m             [31m[1m^[22m[31m
 [90m 53 |[31m   rowSpan[33m:[31m [35m24[31m[33m,[31m
 [90m 54 |[31m   colSpan[33m:[31m [35m24[31m[33m,[31m
 [90m 55 |[31m   validateMessages[33m,[31m[0m[39m
  Plugin: [35mvite:react-babel[39m
  File: [36mC:/Users/Vikas/Downloads/CCM/frontend/src/helper/form-helper.js[39m:52:12
[33m  50 |  
  51 |  export {
  52 |    labelAlign: "left",
     |              ^
  53 |    rowSpan: 24,
  54 |    colSpan: 24,[39m
      at constructor (C:\Users\Vikas\Downloads\CCM\frontend\node_modules\@babel\parser\lib\index.js:365:19)
      at JSXParserMixin.raise (C:\Users\Vikas\Downloads\CCM\frontend\node_modules\@babel\parser\lib\index.js:6616:19)
      at JSXParserMixin.unexpected (C:\Users\Vikas\Downloads\CCM\frontend\node_modules\@babel\parser\lib\index.js:6636:16)
      at JSXParserMixin.expect (C:\Users\Vikas\Downloads\CCM\frontend\node_modules\@babel\parser\lib\index.js:6916:12)
      at JSXParserMixin.parseExportSpecifiers (C:\Users\Vikas\Downloads\CCM\frontend\node_modules\@babel\parser\lib\index.js:14108:14)
      at JSXParserMixin.maybeParseExportNamedSpecifiers (C:\Users\Vikas\Downloads\CCM\frontend\node_modules\@babel\parser\lib\index.js:13889:37)
      at JSXParserMixin.parseExport (C:\Users\Vikas\Downloads\CCM\frontend\node_modules\@babel\parser\lib\index.js:13814:32)
      at JSXParserMixin.parseStatementContent (C:\Users\Vikas\Downloads\CCM\frontend\node_modules\@babel\parser\lib\index.js:12895:27)
      at JSXParserMixin.parseStatementLike (C:\Users\Vikas\Downloads\CCM\frontend\node_modules\@babel\parser\lib\index.js:12784:17)
      at JSXParserMixin.parseModuleItem (C:\Users\Vikas\Downloads\CCM\frontend\node_modules\@babel\parser\lib\index.js:12761:17)
      at JSXParserMixin.parseBlockOrModuleBlockBody (C:\Users\Vikas\Downloads\CCM\frontend\node_modules\@babel\parser\lib\index.js:13333:36)
      at JSXParserMixin.parseBlockBody (C:\Users\Vikas\Downloads\CCM\frontend\node_modules\@babel\parser\lib\index.js:13326:10)
      at JSXParserMixin.parseProgram (C:\Users\Vikas\Downloads\CCM\frontend\node_modules\@babel\parser\lib\index.js:12639:10)
      at JSXParserMixin.parseTopLevel (C:\Users\Vikas\Downloads\CCM\frontend\node_modules\@babel\parser\lib\index.js:12629:25)
      at JSXParserMixin.parse (C:\Users\Vikas\Downloads\CCM\frontend\node_modules\@babel\parser\lib\index.js:14505:25)
      at parse (C:\Users\Vikas\Downloads\CCM\frontend\node_modules\@babel\parser\lib\index.js:14539:38)
      at parser (C:\Users\Vikas\Downloads\CCM\frontend\node_modules\@babel\core\lib\parser\index.js:41:34)
      at parser.next (<anonymous>)
      at normalizeFile (C:\Users\Vikas\Downloads\CCM\frontend\node_modules\@babel\core\lib\transformation\normalize-file.js:51:37)
      at normalizeFile.next (<anonymous>)
      at run (C:\Users\Vikas\Downloads\CCM\frontend\node_modules\@babel\core\lib\transformation\index.js:22:50)
      at run.next (<anonymous>)
      at transform (C:\Users\Vikas\Downloads\CCM\frontend\node_modules\@babel\core\lib\transform.js:22:33)
      at transform.next (<anonymous>)
      at step (C:\Users\Vikas\Downloads\CCM\frontend\node_modules\gensync\index.js:261:32)
      at C:\Users\Vikas\Downloads\CCM\frontend\node_modules\gensync\index.js:273:13
      at async.call.result.err.err (C:\Users\Vikas\Downloads\CCM\frontend\node_modules\gensync\index.js:223:11)
[2m3:48:58 am[22m [31m[1m[vite][22m[39m [31mInternal server error: C:\Users\Vikas\Downloads\CCM\frontend\src\helper\form-helper.js: Unexpected token, expected "," (52:12)

[0m [90m 50 |[31m
 [90m 51 |[31m [36mexport[31m {
[31m[1m>[22m[31m[90m 52 |[31m   labelAlign[33m:[31m [32m"left"[31m[33m,[31m
 [90m    |[31m             [31m[1m^[22m[31m
 [90m 53 |[31m   rowSpan[33m:[31m [35m24[31m[33m,[31m
 [90m 54 |[31m   colSpan[33m:[31m [35m24[31m[33m,[31m
 [90m 55 |[31m   validateMessages[33m,[31m[0m[39m
  Plugin: [35mvite:react-babel[39m
  File: [36mC:/Users/Vikas/Downloads/CCM/frontend/src/helper/form-helper.js[39m:52:12
[33m  50 |  
  51 |  export {
  52 |    labelAlign: "left",
     |              ^
  53 |    rowSpan: 24,
  54 |    colSpan: 24,[39m
      at constructor (C:\Users\Vikas\Downloads\CCM\frontend\node_modules\@babel\parser\lib\index.js:365:19)
      at JSXParserMixin.raise (C:\Users\Vikas\Downloads\CCM\frontend\node_modules\@babel\parser\lib\index.js:6616:19)
      at JSXParserMixin.unexpected (C:\Users\Vikas\Downloads\CCM\frontend\node_modules\@babel\parser\lib\index.js:6636:16)
      at JSXParserMixin.expect (C:\Users\Vikas\Downloads\CCM\frontend\node_modules\@babel\parser\lib\index.js:6916:12)
      at JSXParserMixin.parseExportSpecifiers (C:\Users\Vikas\Downloads\CCM\frontend\node_modules\@babel\parser\lib\index.js:14108:14)
      at JSXParserMixin.maybeParseExportNamedSpecifiers (C:\Users\Vikas\Downloads\CCM\frontend\node_modules\@babel\parser\lib\index.js:13889:37)
      at JSXParserMixin.parseExport (C:\Users\Vikas\Downloads\CCM\frontend\node_modules\@babel\parser\lib\index.js:13814:32)
      at JSXParserMixin.parseStatementContent (C:\Users\Vikas\Downloads\CCM\frontend\node_modules\@babel\parser\lib\index.js:12895:27)
      at JSXParserMixin.parseStatementLike (C:\Users\Vikas\Downloads\CCM\frontend\node_modules\@babel\parser\lib\index.js:12784:17)
      at JSXParserMixin.parseModuleItem (C:\Users\Vikas\Downloads\CCM\frontend\node_modules\@babel\parser\lib\index.js:12761:17)
      at JSXParserMixin.parseBlockOrModuleBlockBody (C:\Users\Vikas\Downloads\CCM\frontend\node_modules\@babel\parser\lib\index.js:13333:36)
      at JSXParserMixin.parseBlockBody (C:\Users\Vikas\Downloads\CCM\frontend\node_modules\@babel\parser\lib\index.js:13326:10)
      at JSXParserMixin.parseProgram (C:\Users\Vikas\Downloads\CCM\frontend\node_modules\@babel\parser\lib\index.js:12639:10)
      at JSXParserMixin.parseTopLevel (C:\Users\Vikas\Downloads\CCM\frontend\node_modules\@babel\parser\lib\index.js:12629:25)
      at JSXParserMixin.parse (C:\Users\Vikas\Downloads\CCM\frontend\node_modules\@babel\parser\lib\index.js:14505:25)
      at parse (C:\Users\Vikas\Downloads\CCM\frontend\node_modules\@babel\parser\lib\index.js:14539:38)
      at parser (C:\Users\Vikas\Downloads\CCM\frontend\node_modules\@babel\core\lib\parser\index.js:41:34)
      at parser.next (<anonymous>)
      at normalizeFile (C:\Users\Vikas\Downloads\CCM\frontend\node_modules\@babel\core\lib\transformation\normalize-file.js:51:37)
      at normalizeFile.next (<anonymous>)
      at run (C:\Users\Vikas\Downloads\CCM\frontend\node_modules\@babel\core\lib\transformation\index.js:22:50)
      at run.next (<anonymous>)
      at transform (C:\Users\Vikas\Downloads\CCM\frontend\node_modules\@babel\core\lib\transform.js:22:33)
      at transform.next (<anonymous>)
      at step (C:\Users\Vikas\Downloads\CCM\frontend\node_modules\gensync\index.js:261:32)
      at C:\Users\Vikas\Downloads\CCM\frontend\node_modules\gensync\index.js:273:13
      at async.call.result.err.err (C:\Users\Vikas\Downloads\CCM\frontend\node_modules\gensync\index.js:223:11)
[33mFiles in the public directory are served at the root path.
Instead of [36m/public/img/s_logo.png[33m, use [36m/img/s_logo.png[33m.[39m
[2m3:49:10 am[22m [36m[1m[vite][22m[39m [90m[2m(client)[22m[39m [32mpage reload [39m[2msrc/containers/default-layout/modern-header.js[22m
[2m3:49:10 am[22m [31m[1m[vite][22m[39m [31m[2m(client)[22m[39m Pre-transform error: C:\Users\Vikas\Downloads\CCM\frontend\src\helper\form-helper.js: Unexpected token, expected "," (52:12)

[0m [90m 50 |[39m
 [90m 51 |[39m [36mexport[39m {
[31m[1m>[22m[39m[90m 52 |[39m   labelAlign[33m:[39m [32m"left"[39m[33m,[39m
 [90m    |[39m             [31m[1m^[22m[39m
 [90m 53 |[39m   rowSpan[33m:[39m [35m24[39m[33m,[39m
 [90m 54 |[39m   colSpan[33m:[39m [35m24[39m[33m,[39m
 [90m 55 |[39m   validateMessages[33m,[39m[0m
  Plugin: [35mvite:react-babel[39m
  File: [36mC:/Users/Vikas/Downloads/CCM/frontend/src/helper/form-helper.js[39m:52:12
[33m  50 |  
  51 |  export {
  52 |    labelAlign: "left",
     |              ^
  53 |    rowSpan: 24,
  54 |    colSpan: 24,[39m
[2m3:49:10 am[22m [31m[1m[vite][22m[39m [31mInternal server error: C:\Users\Vikas\Downloads\CCM\frontend\src\helper\form-helper.js: Unexpected token, expected "," (52:12)

[0m [90m 50 |[31m
 [90m 51 |[31m [36mexport[31m {
[31m[1m>[22m[31m[90m 52 |[31m   labelAlign[33m:[31m [32m"left"[31m[33m,[31m
 [90m    |[31m             [31m[1m^[22m[31m
 [90m 53 |[31m   rowSpan[33m:[31m [35m24[31m[33m,[31m
 [90m 54 |[31m   colSpan[33m:[31m [35m24[31m[33m,[31m
 [90m 55 |[31m   validateMessages[33m,[31m[0m[39m
  Plugin: [35mvite:react-babel[39m
  File: [36mC:/Users/Vikas/Downloads/CCM/frontend/src/helper/form-helper.js[39m:52:12
[33m  50 |  
  51 |  export {
  52 |    labelAlign: "left",
     |              ^
  53 |    rowSpan: 24,
  54 |    colSpan: 24,[39m
      at constructor (C:\Users\Vikas\Downloads\CCM\frontend\node_modules\@babel\parser\lib\index.js:365:19)
      at JSXParserMixin.raise (C:\Users\Vikas\Downloads\CCM\frontend\node_modules\@babel\parser\lib\index.js:6616:19)
      at JSXParserMixin.unexpected (C:\Users\Vikas\Downloads\CCM\frontend\node_modules\@babel\parser\lib\index.js:6636:16)
      at JSXParserMixin.expect (C:\Users\Vikas\Downloads\CCM\frontend\node_modules\@babel\parser\lib\index.js:6916:12)
      at JSXParserMixin.parseExportSpecifiers (C:\Users\Vikas\Downloads\CCM\frontend\node_modules\@babel\parser\lib\index.js:14108:14)
      at JSXParserMixin.maybeParseExportNamedSpecifiers (C:\Users\Vikas\Downloads\CCM\frontend\node_modules\@babel\parser\lib\index.js:13889:37)
      at JSXParserMixin.parseExport (C:\Users\Vikas\Downloads\CCM\frontend\node_modules\@babel\parser\lib\index.js:13814:32)
      at JSXParserMixin.parseStatementContent (C:\Users\Vikas\Downloads\CCM\frontend\node_modules\@babel\parser\lib\index.js:12895:27)
      at JSXParserMixin.parseStatementLike (C:\Users\Vikas\Downloads\CCM\frontend\node_modules\@babel\parser\lib\index.js:12784:17)
      at JSXParserMixin.parseModuleItem (C:\Users\Vikas\Downloads\CCM\frontend\node_modules\@babel\parser\lib\index.js:12761:17)
      at JSXParserMixin.parseBlockOrModuleBlockBody (C:\Users\Vikas\Downloads\CCM\frontend\node_modules\@babel\parser\lib\index.js:13333:36)
      at JSXParserMixin.parseBlockBody (C:\Users\Vikas\Downloads\CCM\frontend\node_modules\@babel\parser\lib\index.js:13326:10)
      at JSXParserMixin.parseProgram (C:\Users\Vikas\Downloads\CCM\frontend\node_modules\@babel\parser\lib\index.js:12639:10)
      at JSXParserMixin.parseTopLevel (C:\Users\Vikas\Downloads\CCM\frontend\node_modules\@babel\parser\lib\index.js:12629:25)
      at JSXParserMixin.parse (C:\Users\Vikas\Downloads\CCM\frontend\node_modules\@babel\parser\lib\index.js:14505:25)
      at parse (C:\Users\Vikas\Downloads\CCM\frontend\node_modules\@babel\parser\lib\index.js:14539:38)
      at parser (C:\Users\Vikas\Downloads\CCM\frontend\node_modules\@babel\core\lib\parser\index.js:41:34)
      at parser.next (<anonymous>)
      at normalizeFile (C:\Users\Vikas\Downloads\CCM\frontend\node_modules\@babel\core\lib\transformation\normalize-file.js:51:37)
      at normalizeFile.next (<anonymous>)
      at run (C:\Users\Vikas\Downloads\CCM\frontend\node_modules\@babel\core\lib\transformation\index.js:22:50)
      at run.next (<anonymous>)
      at transform (C:\Users\Vikas\Downloads\CCM\frontend\node_modules\@babel\core\lib\transform.js:22:33)
      at transform.next (<anonymous>)
      at step (C:\Users\Vikas\Downloads\CCM\frontend\node_modules\gensync\index.js:261:32)
      at C:\Users\Vikas\Downloads\CCM\frontend\node_modules\gensync\index.js:273:13
      at async.call.result.err.err (C:\Users\Vikas\Downloads\CCM\frontend\node_modules\gensync\index.js:223:11)
[2m3:49:11 am[22m [31m[1m[vite][22m[39m [31mInternal server error: C:\Users\Vikas\Downloads\CCM\frontend\src\helper\form-helper.js: Unexpected token, expected "," (52:12)

[0m [90m 50 |[31m
 [90m 51 |[31m [36mexport[31m {
[31m[1m>[22m[31m[90m 52 |[31m   labelAlign[33m:[31m [32m"left"[31m[33m,[31m
 [90m    |[31m             [31m[1m^[22m[31m
 [90m 53 |[31m   rowSpan[33m:[31m [35m24[31m[33m,[31m
 [90m 54 |[31m   colSpan[33m:[31m [35m24[31m[33m,[31m
 [90m 55 |[31m   validateMessages[33m,[31m[0m[39m
  Plugin: [35mvite:react-babel[39m
  File: [36mC:/Users/Vikas/Downloads/CCM/frontend/src/helper/form-helper.js[39m:52:12
[33m  50 |  
  51 |  export {
  52 |    labelAlign: "left",
     |              ^
  53 |    rowSpan: 24,
  54 |    colSpan: 24,[39m
      at constructor (C:\Users\Vikas\Downloads\CCM\frontend\node_modules\@babel\parser\lib\index.js:365:19)
      at JSXParserMixin.raise (C:\Users\Vikas\Downloads\CCM\frontend\node_modules\@babel\parser\lib\index.js:6616:19)
      at JSXParserMixin.unexpected (C:\Users\Vikas\Downloads\CCM\frontend\node_modules\@babel\parser\lib\index.js:6636:16)
      at JSXParserMixin.expect (C:\Users\Vikas\Downloads\CCM\frontend\node_modules\@babel\parser\lib\index.js:6916:12)
      at JSXParserMixin.parseExportSpecifiers (C:\Users\Vikas\Downloads\CCM\frontend\node_modules\@babel\parser\lib\index.js:14108:14)
      at JSXParserMixin.maybeParseExportNamedSpecifiers (C:\Users\Vikas\Downloads\CCM\frontend\node_modules\@babel\parser\lib\index.js:13889:37)
      at JSXParserMixin.parseExport (C:\Users\Vikas\Downloads\CCM\frontend\node_modules\@babel\parser\lib\index.js:13814:32)
      at JSXParserMixin.parseStatementContent (C:\Users\Vikas\Downloads\CCM\frontend\node_modules\@babel\parser\lib\index.js:12895:27)
      at JSXParserMixin.parseStatementLike (C:\Users\Vikas\Downloads\CCM\frontend\node_modules\@babel\parser\lib\index.js:12784:17)
      at JSXParserMixin.parseModuleItem (C:\Users\Vikas\Downloads\CCM\frontend\node_modules\@babel\parser\lib\index.js:12761:17)
      at JSXParserMixin.parseBlockOrModuleBlockBody (C:\Users\Vikas\Downloads\CCM\frontend\node_modules\@babel\parser\lib\index.js:13333:36)
      at JSXParserMixin.parseBlockBody (C:\Users\Vikas\Downloads\CCM\frontend\node_modules\@babel\parser\lib\index.js:13326:10)
      at JSXParserMixin.parseProgram (C:\Users\Vikas\Downloads\CCM\frontend\node_modules\@babel\parser\lib\index.js:12639:10)
      at JSXParserMixin.parseTopLevel (C:\Users\Vikas\Downloads\CCM\frontend\node_modules\@babel\parser\lib\index.js:12629:25)
      at JSXParserMixin.parse (C:\Users\Vikas\Downloads\CCM\frontend\node_modules\@babel\parser\lib\index.js:14505:25)
      at parse (C:\Users\Vikas\Downloads\CCM\frontend\node_modules\@babel\parser\lib\index.js:14539:38)
      at parser (C:\Users\Vikas\Downloads\CCM\frontend\node_modules\@babel\core\lib\parser\index.js:41:34)
      at parser.next (<anonymous>)
      at normalizeFile (C:\Users\Vikas\Downloads\CCM\frontend\node_modules\@babel\core\lib\transformation\normalize-file.js:51:37)
      at normalizeFile.next (<anonymous>)
      at run (C:\Users\Vikas\Downloads\CCM\frontend\node_modules\@babel\core\lib\transformation\index.js:22:50)
      at run.next (<anonymous>)
      at transform (C:\Users\Vikas\Downloads\CCM\frontend\node_modules\@babel\core\lib\transform.js:22:33)
      at transform.next (<anonymous>)
      at step (C:\Users\Vikas\Downloads\CCM\frontend\node_modules\gensync\index.js:261:32)
      at C:\Users\Vikas\Downloads\CCM\frontend\node_modules\gensync\index.js:273:13
      at async.call.result.err.err (C:\Users\Vikas\Downloads\CCM\frontend\node_modules\gensync\index.js:223:11)
[33mFiles in the public directory are served at the root path.
Instead of [36m/public/img/s_logo.png[33m, use [36m/img/s_logo.png[33m.[39m
[2m3:49:53 am[22m [36m[1m[vite][22m[39m [90m[2m(client)[22m[39m [32mpage reload [39m[2msrc/authentication/login.js[22m
[2m3:49:53 am[22m [31m[1m[vite][22m[39m [31m[2m(client)[22m[39m Pre-transform error: Failed to resolve import "@mui/icons-material/PersonOutline" from "src/authentication/login.js". Does the file exist?
  Plugin: [35mvite:import-analysis[39m
  File: [36mC:/Users/Vikas/Downloads/CCM/frontend/src/authentication/login.js[39m:6:30
[33m  4  |  import { basicReduxStore } from '../reduxStore';
  5  |  import { setSession, setNewSession } from './cookie';
  6  |  import PersonOutlineIcon from '@mui/icons-material/PersonOutline';
     |                                 ^
  7  |  import LockOutlinedIcon from '@mui/icons-material/LockOutlined';
  8  |  import LoginState from './loginState';[39m
[2m3:49:53 am[22m [31m[1m[vite][22m[39m [31m[2m(client)[22m[39m Pre-transform error: Failed to resolve import "@mui/icons-material/PersonOutline" from "src/authentication/login.js". Does the file exist?
  Plugin: [35mvite:import-analysis[39m
  File: [36mC:/Users/Vikas/Downloads/CCM/frontend/src/authentication/login.js[39m:6:30
[33m  4  |  import { basicReduxStore } from '../reduxStore';
  5  |  import { setSession, setNewSession } from './cookie';
  6  |  import PersonOutlineIcon from '@mui/icons-material/PersonOutline';
     |                                 ^
  7  |  import LockOutlinedIcon from '@mui/icons-material/LockOutlined';
  8  |  import LoginState from './loginState';[39m
[2m3:49:53 am[22m [31m[1m[vite][22m[39m [31mInternal server error: Failed to resolve import "@mui/icons-material/PersonOutline" from "src/authentication/login.js". Does the file exist?[39m
  Plugin: [35mvite:import-analysis[39m
  File: [36mC:/Users/Vikas/Downloads/CCM/frontend/src/authentication/login.js[39m:6:30
[33m  4  |  import { basicReduxStore } from '../reduxStore';
  5  |  import { setSession, setNewSession } from './cookie';
  6  |  import PersonOutlineIcon from '@mui/icons-material/PersonOutline';
     |                                 ^
  7  |  import LockOutlinedIcon from '@mui/icons-material/LockOutlined';
  8  |  import LoginState from './loginState';[39m
      at TransformPluginContext._formatLog (file:///C:/Users/Vikas/Downloads/CCM/frontend/node_modules/vite/dist/node/chunks/config.js:29079:43)
      at TransformPluginContext.error (file:///C:/Users/Vikas/Downloads/CCM/frontend/node_modules/vite/dist/node/chunks/config.js:29076:14)
      at normalizeUrl (file:///C:/Users/Vikas/Downloads/CCM/frontend/node_modules/vite/dist/node/chunks/config.js:27199:18)
      at async file:///C:/Users/Vikas/Downloads/CCM/frontend/node_modules/vite/dist/node/chunks/config.js:27257:32
      at async Promise.all (index 5)
      at async TransformPluginContext.transform (file:///C:/Users/Vikas/Downloads/CCM/frontend/node_modules/vite/dist/node/chunks/config.js:27225:4)
      at async EnvironmentPluginContainer.transform (file:///C:/Users/Vikas/Downloads/CCM/frontend/node_modules/vite/dist/node/chunks/config.js:28877:14)
      at async loadAndTransform (file:///C:/Users/Vikas/Downloads/CCM/frontend/node_modules/vite/dist/node/chunks/config.js:22746:26)
      at async viteTransformMiddleware (file:///C:/Users/Vikas/Downloads/CCM/frontend/node_modules/vite/dist/node/chunks/config.js:24622:20)
[2m3:49:53 am[22m [31m[1m[vite][22m[39m [31mInternal server error: Failed to resolve import "@mui/icons-material/PersonOutline" from "src/authentication/login.js". Does the file exist?[39m
  Plugin: [35mvite:import-analysis[39m
  File: [36mC:/Users/Vikas/Downloads/CCM/frontend/src/authentication/login.js[39m:6:30
[33m  4  |  import { basicReduxStore } from '../reduxStore';
  5  |  import { setSession, setNewSession } from './cookie';
  6  |  import PersonOutlineIcon from '@mui/icons-material/PersonOutline';
     |                                 ^
  7  |  import LockOutlinedIcon from '@mui/icons-material/LockOutlined';
  8  |  import LoginState from './loginState';[39m
      at TransformPluginContext._formatLog (file:///C:/Users/Vikas/Downloads/CCM/frontend/node_modules/vite/dist/node/chunks/config.js:29079:43)
      at TransformPluginContext.error (file:///C:/Users/Vikas/Downloads/CCM/frontend/node_modules/vite/dist/node/chunks/config.js:29076:14)
      at normalizeUrl (file:///C:/Users/Vikas/Downloads/CCM/frontend/node_modules/vite/dist/node/chunks/config.js:27199:18)
      at async file:///C:/Users/Vikas/Downloads/CCM/frontend/node_modules/vite/dist/node/chunks/config.js:27257:32
      at async Promise.all (index 5)
      at async TransformPluginContext.transform (file:///C:/Users/Vikas/Downloads/CCM/frontend/node_modules/vite/dist/node/chunks/config.js:27225:4)
      at async EnvironmentPluginContainer.transform (file:///C:/Users/Vikas/Downloads/CCM/frontend/node_modules/vite/dist/node/chunks/config.js:28877:14)
      at async loadAndTransform (file:///C:/Users/Vikas/Downloads/CCM/frontend/node_modules/vite/dist/node/chunks/config.js:22746:26)
      at async viteTransformMiddleware (file:///C:/Users/Vikas/Downloads/CCM/frontend/node_modules/vite/dist/node/chunks/config.js:24622:20)
[33mFiles in the public directory are served at the root path.
Instead of [36m/public/img/s_logo.png[33m, use [36m/img/s_logo.png[33m.[39m
[2m3:50:01 am[22m [36m[1m[vite][22m[39m [90m[2m(client)[22m[39m [32m✨ new dependencies optimized: [33m@mui/icons-material/LockOutlined, @mui/material/CardContent, @mui/material/InputAdornment[32m[39m
[2m3:50:01 am[22m [36m[1m[vite][22m[39m [90m[2m(client)[22m[39m [32m✨ optimized dependencies changed. reloading[39m
[2m3:50:01 am[22m [31m[1m[vite][22m[39m [31mInternal server error: Failed to resolve import "@mui/icons-material/PersonOutline" from "src/authentication/login.js". Does the file exist?[39m
  Plugin: [35mvite:import-analysis[39m
  File: [36mC:/Users/Vikas/Downloads/CCM/frontend/src/authentication/login.js[39m:6:30
[33m  4  |  import { basicReduxStore } from '../reduxStore';
  5  |  import { setSession, setNewSession } from './cookie';
  6  |  import PersonOutlineIcon from '@mui/icons-material/PersonOutline';
     |                                 ^
  7  |  import LockOutlinedIcon from '@mui/icons-material/LockOutlined';
  8  |  import LoginState from './loginState';[39m
      at TransformPluginContext._formatLog (file:///C:/Users/Vikas/Downloads/CCM/frontend/node_modules/vite/dist/node/chunks/config.js:29079:43)
      at TransformPluginContext.error (file:///C:/Users/Vikas/Downloads/CCM/frontend/node_modules/vite/dist/node/chunks/config.js:29076:14)
      at normalizeUrl (file:///C:/Users/Vikas/Downloads/CCM/frontend/node_modules/vite/dist/node/chunks/config.js:27199:18)
      at async file:///C:/Users/Vikas/Downloads/CCM/frontend/node_modules/vite/dist/node/chunks/config.js:27257:32
      at async Promise.all (index 5)
      at async TransformPluginContext.transform (file:///C:/Users/Vikas/Downloads/CCM/frontend/node_modules/vite/dist/node/chunks/config.js:27225:4)
      at async EnvironmentPluginContainer.transform (file:///C:/Users/Vikas/Downloads/CCM/frontend/node_modules/vite/dist/node/chunks/config.js:28877:14)
      at async loadAndTransform (file:///C:/Users/Vikas/Downloads/CCM/frontend/node_modules/vite/dist/node/chunks/config.js:22746:26)
[2m3:50:01 am[22m [31m[1m[vite][22m[39m [31m[2m(client)[22m[39m Pre-transform error: Failed to resolve import "@mui/icons-material/PersonOutline" from "src/authentication/login.js". Does the file exist?
  Plugin: [35mvite:import-analysis[39m
  File: [36mC:/Users/Vikas/Downloads/CCM/frontend/src/authentication/login.js[39m:6:30
[33m  4  |  import { basicReduxStore } from '../reduxStore';
  5  |  import { setSession, setNewSession } from './cookie';
  6  |  import PersonOutlineIcon from '@mui/icons-material/PersonOutline';
     |                                 ^
  7  |  import LockOutlinedIcon from '@mui/icons-material/LockOutlined';
  8  |  import LoginState from './loginState';[39m
[2m3:50:01 am[22m [31m[1m[vite][22m[39m [31m[2m(client)[22m[39m Pre-transform error: Failed to resolve import "@mui/icons-material/PersonOutline" from "src/authentication/login.js". Does the file exist?
  Plugin: [35mvite:import-analysis[39m
  File: [36mC:/Users/Vikas/Downloads/CCM/frontend/src/authentication/login.js[39m:6:30
[33m  4  |  import { basicReduxStore } from '../reduxStore';
  5  |  import { setSession, setNewSession } from './cookie';
  6  |  import PersonOutlineIcon from '@mui/icons-material/PersonOutline';
     |                                 ^
  7  |  import LockOutlinedIcon from '@mui/icons-material/LockOutlined';
  8  |  import LoginState from './loginState';[39m
[2m3:50:03 am[22m [31m[1m[vite][22m[39m [31mInternal server error: Failed to resolve import "@mui/icons-material/PersonOutline" from "src/authentication/login.js". Does the file exist?[39m
  Plugin: [35mvite:import-analysis[39m
  File: [36mC:/Users/Vikas/Downloads/CCM/frontend/src/authentication/login.js[39m:6:30
[33m  4  |  import { basicReduxStore } from '../reduxStore';
  5  |  import { setSession, setNewSession } from './cookie';
  6  |  import PersonOutlineIcon from '@mui/icons-material/PersonOutline';
     |                                 ^
  7  |  import LockOutlinedIcon from '@mui/icons-material/LockOutlined';
  8  |  import LoginState from './loginState';[39m
      at TransformPluginContext._formatLog (file:///C:/Users/Vikas/Downloads/CCM/frontend/node_modules/vite/dist/node/chunks/config.js:29079:43)
      at TransformPluginContext.error (file:///C:/Users/Vikas/Downloads/CCM/frontend/node_modules/vite/dist/node/chunks/config.js:29076:14)
      at normalizeUrl (file:///C:/Users/Vikas/Downloads/CCM/frontend/node_modules/vite/dist/node/chunks/config.js:27199:18)
      at async file:///C:/Users/Vikas/Downloads/CCM/frontend/node_modules/vite/dist/node/chunks/config.js:27257:32
      at async Promise.all (index 5)
      at async TransformPluginContext.transform (file:///C:/Users/Vikas/Downloads/CCM/frontend/node_modules/vite/dist/node/chunks/config.js:27225:4)
      at async EnvironmentPluginContainer.transform (file:///C:/Users/Vikas/Downloads/CCM/frontend/node_modules/vite/dist/node/chunks/config.js:28877:14)
      at async loadAndTransform (file:///C:/Users/Vikas/Downloads/CCM/frontend/node_modules/vite/dist/node/chunks/config.js:22746:26)
      at async viteTransformMiddleware (file:///C:/Users/Vikas/Downloads/CCM/frontend/node_modules/vite/dist/node/chunks/config.js:24622:20)
[33mFiles in the public directory are served at the root path.
Instead of [36m/public/img/s_logo.png[33m, use [36m/img/s_logo.png[33m.[39m
[2m3:51:44 am[22m [36m[1m[vite][22m[39m [90m[2m(client)[22m[39m [32mpage reload [39m[2msrc/helper/image-viewer.js[22m
[2m3:51:44 am[22m [31m[1m[vite][22m[39m [31m[2m(client)[22m[39m Pre-transform error: Failed to resolve import "@mui/icons-material/PersonOutline" from "src/authentication/login.js". Does the file exist?
  Plugin: [35mvite:import-analysis[39m
  File: [36mC:/Users/Vikas/Downloads/CCM/frontend/src/authentication/login.js[39m:6:30
[33m  4  |  import { basicReduxStore } from '../reduxStore';
  5  |  import { setSession, setNewSession } from './cookie';
  6  |  import PersonOutlineIcon from '@mui/icons-material/PersonOutline';
     |                                 ^
  7  |  import LockOutlinedIcon from '@mui/icons-material/LockOutlined';
  8  |  import LoginState from './loginState';[39m
[2m3:51:44 am[22m [31m[1m[vite][22m[39m [31m[2m(client)[22m[39m Pre-transform error: Failed to resolve import "@mui/icons-material/PersonOutline" from "src/authentication/login.js". Does the file exist?
  Plugin: [35mvite:import-analysis[39m
  File: [36mC:/Users/Vikas/Downloads/CCM/frontend/src/authentication/login.js[39m:6:30
[33m  4  |  import { basicReduxStore } from '../reduxStore';
  5  |  import { setSession, setNewSession } from './cookie';
  6  |  import PersonOutlineIcon from '@mui/icons-material/PersonOutline';
     |                                 ^
  7  |  import LockOutlinedIcon from '@mui/icons-material/LockOutlined';
  8  |  import LoginState from './loginState';[39m
[2m3:51:44 am[22m [31m[1m[vite][22m[39m [31mInternal server error: Failed to resolve import "@mui/icons-material/PersonOutline" from "src/authentication/login.js". Does the file exist?[39m
  Plugin: [35mvite:import-analysis[39m
  File: [36mC:/Users/Vikas/Downloads/CCM/frontend/src/authentication/login.js[39m:6:30
[33m  4  |  import { basicReduxStore } from '../reduxStore';
  5  |  import { setSession, setNewSession } from './cookie';
  6  |  import PersonOutlineIcon from '@mui/icons-material/PersonOutline';
     |                                 ^
  7  |  import LockOutlinedIcon from '@mui/icons-material/LockOutlined';
  8  |  import LoginState from './loginState';[39m
      at TransformPluginContext._formatLog (file:///C:/Users/Vikas/Downloads/CCM/frontend/node_modules/vite/dist/node/chunks/config.js:29079:43)
      at TransformPluginContext.error (file:///C:/Users/Vikas/Downloads/CCM/frontend/node_modules/vite/dist/node/chunks/config.js:29076:14)
      at normalizeUrl (file:///C:/Users/Vikas/Downloads/CCM/frontend/node_modules/vite/dist/node/chunks/config.js:27199:18)
      at async file:///C:/Users/Vikas/Downloads/CCM/frontend/node_modules/vite/dist/node/chunks/config.js:27257:32
      at async Promise.all (index 5)
      at async TransformPluginContext.transform (file:///C:/Users/Vikas/Downloads/CCM/frontend/node_modules/vite/dist/node/chunks/config.js:27225:4)
      at async EnvironmentPluginContainer.transform (file:///C:/Users/Vikas/Downloads/CCM/frontend/node_modules/vite/dist/node/chunks/config.js:28877:14)
      at async loadAndTransform (file:///C:/Users/Vikas/Downloads/CCM/frontend/node_modules/vite/dist/node/chunks/config.js:22746:26)
      at async viteTransformMiddleware (file:///C:/Users/Vikas/Downloads/CCM/frontend/node_modules/vite/dist/node/chunks/config.js:24622:20)
[2m3:51:45 am[22m [31m[1m[vite][22m[39m [31mInternal server error: Failed to resolve import "@mui/icons-material/PersonOutline" from "src/authentication/login.js". Does the file exist?[39m
  Plugin: [35mvite:import-analysis[39m
  File: [36mC:/Users/Vikas/Downloads/CCM/frontend/src/authentication/login.js[39m:6:30
[33m  4  |  import { basicReduxStore } from '../reduxStore';
  5  |  import { setSession, setNewSession } from './cookie';
  6  |  import PersonOutlineIcon from '@mui/icons-material/PersonOutline';
     |                                 ^
  7  |  import LockOutlinedIcon from '@mui/icons-material/LockOutlined';
  8  |  import LoginState from './loginState';[39m
      at TransformPluginContext._formatLog (file:///C:/Users/Vikas/Downloads/CCM/frontend/node_modules/vite/dist/node/chunks/config.js:29079:43)
      at TransformPluginContext.error (file:///C:/Users/Vikas/Downloads/CCM/frontend/node_modules/vite/dist/node/chunks/config.js:29076:14)
      at normalizeUrl (file:///C:/Users/Vikas/Downloads/CCM/frontend/node_modules/vite/dist/node/chunks/config.js:27199:18)
      at async file:///C:/Users/Vikas/Downloads/CCM/frontend/node_modules/vite/dist/node/chunks/config.js:27257:32
      at async Promise.all (index 5)
      at async TransformPluginContext.transform (file:///C:/Users/Vikas/Downloads/CCM/frontend/node_modules/vite/dist/node/chunks/config.js:27225:4)
      at async EnvironmentPluginContainer.transform (file:///C:/Users/Vikas/Downloads/CCM/frontend/node_modules/vite/dist/node/chunks/config.js:28877:14)
      at async loadAndTransform (file:///C:/Users/Vikas/Downloads/CCM/frontend/node_modules/vite/dist/node/chunks/config.js:22746:26)
      at async viteTransformMiddleware (file:///C:/Users/Vikas/Downloads/CCM/frontend/node_modules/vite/dist/node/chunks/config.js:24622:20)
[33mFiles in the public directory are served at the root path.
Instead of [36m/public/img/s_logo.png[33m, use [36m/img/s_logo.png[33m.[39m
[2m3:51:46 am[22m [36m[1m[vite][22m[39m [90m[2m(client)[22m[39m [32mpage reload [39m[2msrc/helper/file-viewer.js[22m
[2m3:51:46 am[22m [31m[1m[vite][22m[39m [31m[2m(client)[22m[39m Pre-transform error: Failed to resolve import "@mui/icons-material/PersonOutline" from "src/authentication/login.js". Does the file exist?
  Plugin: [35mvite:import-analysis[39m
  File: [36mC:/Users/Vikas/Downloads/CCM/frontend/src/authentication/login.js[39m:6:30
[33m  4  |  import { basicReduxStore } from '../reduxStore';
  5  |  import { setSession, setNewSession } from './cookie';
  6  |  import PersonOutlineIcon from '@mui/icons-material/PersonOutline';
     |                                 ^
  7  |  import LockOutlinedIcon from '@mui/icons-material/LockOutlined';
  8  |  import LoginState from './loginState';[39m
[2m3:51:46 am[22m [31m[1m[vite][22m[39m [31m[2m(client)[22m[39m Pre-transform error: Failed to resolve import "@mui/icons-material/PersonOutline" from "src/authentication/login.js". Does the file exist?
  Plugin: [35mvite:import-analysis[39m
  File: [36mC:/Users/Vikas/Downloads/CCM/frontend/src/authentication/login.js[39m:6:30
[33m  4  |  import { basicReduxStore } from '../reduxStore';
  5  |  import { setSession, setNewSession } from './cookie';
  6  |  import PersonOutlineIcon from '@mui/icons-material/PersonOutline';
     |                                 ^
  7  |  import LockOutlinedIcon from '@mui/icons-material/LockOutlined';
  8  |  import LoginState from './loginState';[39m
[2m3:51:46 am[22m [31m[1m[vite][22m[39m [31mInternal server error: Failed to resolve import "@mui/icons-material/PersonOutline" from "src/authentication/login.js". Does the file exist?[39m
  Plugin: [35mvite:import-analysis[39m
  File: [36mC:/Users/Vikas/Downloads/CCM/frontend/src/authentication/login.js[39m:6:30
[33m  4  |  import { basicReduxStore } from '../reduxStore';
  5  |  import { setSession, setNewSession } from './cookie';
  6  |  import PersonOutlineIcon from '@mui/icons-material/PersonOutline';
     |                                 ^
  7  |  import LockOutlinedIcon from '@mui/icons-material/LockOutlined';
  8  |  import LoginState from './loginState';[39m
      at TransformPluginContext._formatLog (file:///C:/Users/Vikas/Downloads/CCM/frontend/node_modules/vite/dist/node/chunks/config.js:29079:43)
      at TransformPluginContext.error (file:///C:/Users/Vikas/Downloads/CCM/frontend/node_modules/vite/dist/node/chunks/config.js:29076:14)
      at normalizeUrl (file:///C:/Users/Vikas/Downloads/CCM/frontend/node_modules/vite/dist/node/chunks/config.js:27199:18)
      at async file:///C:/Users/Vikas/Downloads/CCM/frontend/node_modules/vite/dist/node/chunks/config.js:27257:32
      at async Promise.all (index 5)
      at async TransformPluginContext.transform (file:///C:/Users/Vikas/Downloads/CCM/frontend/node_modules/vite/dist/node/chunks/config.js:27225:4)
      at async EnvironmentPluginContainer.transform (file:///C:/Users/Vikas/Downloads/CCM/frontend/node_modules/vite/dist/node/chunks/config.js:28877:14)
      at async loadAndTransform (file:///C:/Users/Vikas/Downloads/CCM/frontend/node_modules/vite/dist/node/chunks/config.js:22746:26)
      at async viteTransformMiddleware (file:///C:/Users/Vikas/Downloads/CCM/frontend/node_modules/vite/dist/node/chunks/config.js:24622:20)
[2m3:51:47 am[22m [31m[1m[vite][22m[39m [31mInternal server error: Failed to resolve import "@mui/icons-material/PersonOutline" from "src/authentication/login.js". Does the file exist?[39m
  Plugin: [35mvite:import-analysis[39m
  File: [36mC:/Users/Vikas/Downloads/CCM/frontend/src/authentication/login.js[39m:6:30
[33m  4  |  import { basicReduxStore } from '../reduxStore';
  5  |  import { setSession, setNewSession } from './cookie';
  6  |  import PersonOutlineIcon from '@mui/icons-material/PersonOutline';
     |                                 ^
  7  |  import LockOutlinedIcon from '@mui/icons-material/LockOutlined';
  8  |  import LoginState from './loginState';[39m
      at TransformPluginContext._formatLog (file:///C:/Users/Vikas/Downloads/CCM/frontend/node_modules/vite/dist/node/chunks/config.js:29079:43)
      at TransformPluginContext.error (file:///C:/Users/Vikas/Downloads/CCM/frontend/node_modules/vite/dist/node/chunks/config.js:29076:14)
      at normalizeUrl (file:///C:/Users/Vikas/Downloads/CCM/frontend/node_modules/vite/dist/node/chunks/config.js:27199:18)
      at async file:///C:/Users/Vikas/Downloads/CCM/frontend/node_modules/vite/dist/node/chunks/config.js:27257:32
      at async Promise.all (index 5)
      at async TransformPluginContext.transform (file:///C:/Users/Vikas/Downloads/CCM/frontend/node_modules/vite/dist/node/chunks/config.js:27225:4)
      at async EnvironmentPluginContainer.transform (file:///C:/Users/Vikas/Downloads/CCM/frontend/node_modules/vite/dist/node/chunks/config.js:28877:14)
      at async loadAndTransform (file:///C:/Users/Vikas/Downloads/CCM/frontend/node_modules/vite/dist/node/chunks/config.js:22746:26)
      at async viteTransformMiddleware (file:///C:/Users/Vikas/Downloads/CCM/frontend/node_modules/vite/dist/node/chunks/config.js:24622:20)
[33mFiles in the public directory are served at the root path.
Instead of [36m/public/img/s_logo.png[33m, use [36m/img/s_logo.png[33m.[39m
[2m3:52:51 am[22m [36m[1m[vite][22m[39m [90m[2m(client)[22m[39m [32mpage reload [39m[2msrc/master/common/quality-file-upload.js[22m
[2m3:52:51 am[22m [31m[1m[vite][22m[39m [31m[2m(client)[22m[39m Pre-transform error: Failed to resolve import "@mui/icons-material/PersonOutline" from "src/authentication/login.js". Does the file exist?
  Plugin: [35mvite:import-analysis[39m
  File: [36mC:/Users/Vikas/Downloads/CCM/frontend/src/authentication/login.js[39m:6:30
[33m  4  |  import { basicReduxStore } from '../reduxStore';
  5  |  import { setSession, setNewSession } from './cookie';
  6  |  import PersonOutlineIcon from '@mui/icons-material/PersonOutline';
     |                                 ^
  7  |  import LockOutlinedIcon from '@mui/icons-material/LockOutlined';
  8  |  import LoginState from './loginState';[39m
[2m3:52:51 am[22m [31m[1m[vite][22m[39m [31m[2m(client)[22m[39m Pre-transform error: Failed to resolve import "@mui/icons-material/PersonOutline" from "src/authentication/login.js". Does the file exist?
  Plugin: [35mvite:import-analysis[39m
  File: [36mC:/Users/Vikas/Downloads/CCM/frontend/src/authentication/login.js[39m:6:30
[33m  4  |  import { basicReduxStore } from '../reduxStore';
  5  |  import { setSession, setNewSession } from './cookie';
  6  |  import PersonOutlineIcon from '@mui/icons-material/PersonOutline';
     |                                 ^
  7  |  import LockOutlinedIcon from '@mui/icons-material/LockOutlined';
  8  |  import LoginState from './loginState';[39m
[2m3:52:51 am[22m [31m[1m[vite][22m[39m [31mInternal server error: Failed to resolve import "@mui/icons-material/PersonOutline" from "src/authentication/login.js". Does the file exist?[39m
  Plugin: [35mvite:import-analysis[39m
  File: [36mC:/Users/Vikas/Downloads/CCM/frontend/src/authentication/login.js[39m:6:30
[33m  4  |  import { basicReduxStore } from '../reduxStore';
  5  |  import { setSession, setNewSession } from './cookie';
  6  |  import PersonOutlineIcon from '@mui/icons-material/PersonOutline';
     |                                 ^
  7  |  import LockOutlinedIcon from '@mui/icons-material/LockOutlined';
  8  |  import LoginState from './loginState';[39m
      at TransformPluginContext._formatLog (file:///C:/Users/Vikas/Downloads/CCM/frontend/node_modules/vite/dist/node/chunks/config.js:29079:43)
      at TransformPluginContext.error (file:///C:/Users/Vikas/Downloads/CCM/frontend/node_modules/vite/dist/node/chunks/config.js:29076:14)
      at normalizeUrl (file:///C:/Users/Vikas/Downloads/CCM/frontend/node_modules/vite/dist/node/chunks/config.js:27199:18)
      at async file:///C:/Users/Vikas/Downloads/CCM/frontend/node_modules/vite/dist/node/chunks/config.js:27257:32
      at async Promise.all (index 5)
      at async TransformPluginContext.transform (file:///C:/Users/Vikas/Downloads/CCM/frontend/node_modules/vite/dist/node/chunks/config.js:27225:4)
      at async EnvironmentPluginContainer.transform (file:///C:/Users/Vikas/Downloads/CCM/frontend/node_modules/vite/dist/node/chunks/config.js:28877:14)
      at async loadAndTransform (file:///C:/Users/Vikas/Downloads/CCM/frontend/node_modules/vite/dist/node/chunks/config.js:22746:26)
      at async viteTransformMiddleware (file:///C:/Users/Vikas/Downloads/CCM/frontend/node_modules/vite/dist/node/chunks/config.js:24622:20)
[2m3:52:52 am[22m [31m[1m[vite][22m[39m [31mInternal server error: Failed to resolve import "@mui/icons-material/PersonOutline" from "src/authentication/login.js". Does the file exist?[39m
  Plugin: [35mvite:import-analysis[39m
  File: [36mC:/Users/Vikas/Downloads/CCM/frontend/src/authentication/login.js[39m:6:30
[33m  4  |  import { basicReduxStore } from '../reduxStore';
  5  |  import { setSession, setNewSession } from './cookie';
  6  |  import PersonOutlineIcon from '@mui/icons-material/PersonOutline';
     |                                 ^
  7  |  import LockOutlinedIcon from '@mui/icons-material/LockOutlined';
  8  |  import LoginState from './loginState';[39m
      at TransformPluginContext._formatLog (file:///C:/Users/Vikas/Downloads/CCM/frontend/node_modules/vite/dist/node/chunks/config.js:29079:43)
      at TransformPluginContext.error (file:///C:/Users/Vikas/Downloads/CCM/frontend/node_modules/vite/dist/node/chunks/config.js:29076:14)
      at normalizeUrl (file:///C:/Users/Vikas/Downloads/CCM/frontend/node_modules/vite/dist/node/chunks/config.js:27199:18)
      at async file:///C:/Users/Vikas/Downloads/CCM/frontend/node_modules/vite/dist/node/chunks/config.js:27257:32
      at async Promise.all (index 5)
      at async TransformPluginContext.transform (file:///C:/Users/Vikas/Downloads/CCM/frontend/node_modules/vite/dist/node/chunks/config.js:27225:4)
      at async EnvironmentPluginContainer.transform (file:///C:/Users/Vikas/Downloads/CCM/frontend/node_modules/vite/dist/node/chunks/config.js:28877:14)
      at async loadAndTransform (file:///C:/Users/Vikas/Downloads/CCM/frontend/node_modules/vite/dist/node/chunks/config.js:22746:26)
      at async viteTransformMiddleware (file:///C:/Users/Vikas/Downloads/CCM/frontend/node_modules/vite/dist/node/chunks/config.js:24622:20)
[33mFiles in the public directory are served at the root path.
Instead of [36m/public/img/s_logo.png[33m, use [36m/img/s_logo.png[33m.[39m
[2m3:52:58 am[22m [36m[1m[vite][22m[39m [90m[2m(client)[22m[39m [32mpage reload [39m[2msrc/master/common/quality-file-upload.js[22m
[2m3:52:58 am[22m [31m[1m[vite][22m[39m [31m[2m(client)[22m[39m Pre-transform error: Failed to resolve import "@mui/icons-material/PersonOutline" from "src/authentication/login.js". Does the file exist?
  Plugin: [35mvite:import-analysis[39m
  File: [36mC:/Users/Vikas/Downloads/CCM/frontend/src/authentication/login.js[39m:6:30
[33m  4  |  import { basicReduxStore } from '../reduxStore';
  5  |  import { setSession, setNewSession } from './cookie';
  6  |  import PersonOutlineIcon from '@mui/icons-material/PersonOutline';
     |                                 ^
  7  |  import LockOutlinedIcon from '@mui/icons-material/LockOutlined';
  8  |  import LoginState from './loginState';[39m
[2m3:52:58 am[22m [31m[1m[vite][22m[39m [31m[2m(client)[22m[39m Pre-transform error: Failed to resolve import "@mui/icons-material/PersonOutline" from "src/authentication/login.js". Does the file exist?
  Plugin: [35mvite:import-analysis[39m
  File: [36mC:/Users/Vikas/Downloads/CCM/frontend/src/authentication/login.js[39m:6:30
[33m  4  |  import { basicReduxStore } from '../reduxStore';
  5  |  import { setSession, setNewSession } from './cookie';
  6  |  import PersonOutlineIcon from '@mui/icons-material/PersonOutline';
     |                                 ^
  7  |  import LockOutlinedIcon from '@mui/icons-material/LockOutlined';
  8  |  import LoginState from './loginState';[39m
[2m3:52:58 am[22m [31m[1m[vite][22m[39m [31mInternal server error: Failed to resolve import "@mui/icons-material/PersonOutline" from "src/authentication/login.js". Does the file exist?[39m
  Plugin: [35mvite:import-analysis[39m
  File: [36mC:/Users/Vikas/Downloads/CCM/frontend/src/authentication/login.js[39m:6:30
[33m  4  |  import { basicReduxStore } from '../reduxStore';
  5  |  import { setSession, setNewSession } from './cookie';
  6  |  import PersonOutlineIcon from '@mui/icons-material/PersonOutline';
     |                                 ^
  7  |  import LockOutlinedIcon from '@mui/icons-material/LockOutlined';
  8  |  import LoginState from './loginState';[39m
      at TransformPluginContext._formatLog (file:///C:/Users/Vikas/Downloads/CCM/frontend/node_modules/vite/dist/node/chunks/config.js:29079:43)
      at TransformPluginContext.error (file:///C:/Users/Vikas/Downloads/CCM/frontend/node_modules/vite/dist/node/chunks/config.js:29076:14)
      at normalizeUrl (file:///C:/Users/Vikas/Downloads/CCM/frontend/node_modules/vite/dist/node/chunks/config.js:27199:18)
      at async file:///C:/Users/Vikas/Downloads/CCM/frontend/node_modules/vite/dist/node/chunks/config.js:27257:32
      at async Promise.all (index 5)
      at async TransformPluginContext.transform (file:///C:/Users/Vikas/Downloads/CCM/frontend/node_modules/vite/dist/node/chunks/config.js:27225:4)
      at async EnvironmentPluginContainer.transform (file:///C:/Users/Vikas/Downloads/CCM/frontend/node_modules/vite/dist/node/chunks/config.js:28877:14)
      at async loadAndTransform (file:///C:/Users/Vikas/Downloads/CCM/frontend/node_modules/vite/dist/node/chunks/config.js:22746:26)
      at async viteTransformMiddleware (file:///C:/Users/Vikas/Downloads/CCM/frontend/node_modules/vite/dist/node/chunks/config.js:24622:20)
[2m3:52:59 am[22m [31m[1m[vite][22m[39m [31mInternal server error: Failed to resolve import "@mui/icons-material/PersonOutline" from "src/authentication/login.js". Does the file exist?[39m
  Plugin: [35mvite:import-analysis[39m
  File: [36mC:/Users/Vikas/Downloads/CCM/frontend/src/authentication/login.js[39m:6:30
[33m  4  |  import { basicReduxStore } from '../reduxStore';
  5  |  import { setSession, setNewSession } from './cookie';
  6  |  import PersonOutlineIcon from '@mui/icons-material/PersonOutline';
     |                                 ^
  7  |  import LockOutlinedIcon from '@mui/icons-material/LockOutlined';
  8  |  import LoginState from './loginState';[39m
      at TransformPluginContext._formatLog (file:///C:/Users/Vikas/Downloads/CCM/frontend/node_modules/vite/dist/node/chunks/config.js:29079:43)
      at TransformPluginContext.error (file:///C:/Users/Vikas/Downloads/CCM/frontend/node_modules/vite/dist/node/chunks/config.js:29076:14)
      at normalizeUrl (file:///C:/Users/Vikas/Downloads/CCM/frontend/node_modules/vite/dist/node/chunks/config.js:27199:18)
      at async file:///C:/Users/Vikas/Downloads/CCM/frontend/node_modules/vite/dist/node/chunks/config.js:27257:32
      at async Promise.all (index 5)
      at async TransformPluginContext.transform (file:///C:/Users/Vikas/Downloads/CCM/frontend/node_modules/vite/dist/node/chunks/config.js:27225:4)
      at async EnvironmentPluginContainer.transform (file:///C:/Users/Vikas/Downloads/CCM/frontend/node_modules/vite/dist/node/chunks/config.js:28877:14)
      at async loadAndTransform (file:///C:/Users/Vikas/Downloads/CCM/frontend/node_modules/vite/dist/node/chunks/config.js:22746:26)
      at async viteTransformMiddleware (file:///C:/Users/Vikas/Downloads/CCM/frontend/node_modules/vite/dist/node/chunks/config.js:24622:20)
[33mFiles in the public directory are served at the root path.
Instead of [36m/public/img/s_logo.png[33m, use [36m/img/s_logo.png[33m.[39m
[2m3:53:38 am[22m [36m[1m[vite][22m[39m [90m[2m(client)[22m[39m [32mpage reload [39m[2msrc/ccm/views/dashboard.js[22m
[2m3:53:38 am[22m [31m[1m[vite][22m[39m [31m[2m(client)[22m[39m Pre-transform error: Failed to resolve import "@mui/icons-material/PersonOutline" from "src/authentication/login.js". Does the file exist?
  Plugin: [35mvite:import-analysis[39m
  File: [36mC:/Users/Vikas/Downloads/CCM/frontend/src/authentication/login.js[39m:6:30
[33m  4  |  import { basicReduxStore } from '../reduxStore';
  5  |  import { setSession, setNewSession } from './cookie';
  6  |  import PersonOutlineIcon from '@mui/icons-material/PersonOutline';
     |                                 ^
  7  |  import LockOutlinedIcon from '@mui/icons-material/LockOutlined';
  8  |  import LoginState from './loginState';[39m
[2m3:53:38 am[22m [31m[1m[vite][22m[39m [31m[2m(client)[22m[39m Pre-transform error: Failed to resolve import "@mui/icons-material/PersonOutline" from "src/authentication/login.js". Does the file exist?
  Plugin: [35mvite:import-analysis[39m
  File: [36mC:/Users/Vikas/Downloads/CCM/frontend/src/authentication/login.js[39m:6:30
[33m  4  |  import { basicReduxStore } from '../reduxStore';
  5  |  import { setSession, setNewSession } from './cookie';
  6  |  import PersonOutlineIcon from '@mui/icons-material/PersonOutline';
     |                                 ^
  7  |  import LockOutlinedIcon from '@mui/icons-material/LockOutlined';
  8  |  import LoginState from './loginState';[39m
[2m3:53:38 am[22m [31m[1m[vite][22m[39m [31mInternal server error: Failed to resolve import "@mui/icons-material/PersonOutline" from "src/authentication/login.js". Does the file exist?[39m
  Plugin: [35mvite:import-analysis[39m
  File: [36mC:/Users/Vikas/Downloads/CCM/frontend/src/authentication/login.js[39m:6:30
[33m  4  |  import { basicReduxStore } from '../reduxStore';
  5  |  import { setSession, setNewSession } from './cookie';
  6  |  import PersonOutlineIcon from '@mui/icons-material/PersonOutline';
     |                                 ^
  7  |  import LockOutlinedIcon from '@mui/icons-material/LockOutlined';
  8  |  import LoginState from './loginState';[39m
      at TransformPluginContext._formatLog (file:///C:/Users/Vikas/Downloads/CCM/frontend/node_modules/vite/dist/node/chunks/config.js:29079:43)
      at TransformPluginContext.error (file:///C:/Users/Vikas/Downloads/CCM/frontend/node_modules/vite/dist/node/chunks/config.js:29076:14)
      at normalizeUrl (file:///C:/Users/Vikas/Downloads/CCM/frontend/node_modules/vite/dist/node/chunks/config.js:27199:18)
      at async file:///C:/Users/Vikas/Downloads/CCM/frontend/node_modules/vite/dist/node/chunks/config.js:27257:32
      at async Promise.all (index 5)
      at async TransformPluginContext.transform (file:///C:/Users/Vikas/Downloads/CCM/frontend/node_modules/vite/dist/node/chunks/config.js:27225:4)
      at async EnvironmentPluginContainer.transform (file:///C:/Users/Vikas/Downloads/CCM/frontend/node_modules/vite/dist/node/chunks/config.js:28877:14)
      at async loadAndTransform (file:///C:/Users/Vikas/Downloads/CCM/frontend/node_modules/vite/dist/node/chunks/config.js:22746:26)
      at async viteTransformMiddleware (file:///C:/Users/Vikas/Downloads/CCM/frontend/node_modules/vite/dist/node/chunks/config.js:24622:20)
[2m3:53:38 am[22m [31m[1m[vite][22m[39m [31mInternal server error: Failed to resolve import "@mui/icons-material/PersonOutline" from "src/authentication/login.js". Does the file exist?[39m
  Plugin: [35mvite:import-analysis[39m
  File: [36mC:/Users/Vikas/Downloads/CCM/frontend/src/authentication/login.js[39m:6:30
[33m  4  |  import { basicReduxStore } from '../reduxStore';
  5  |  import { setSession, setNewSession } from './cookie';
  6  |  import PersonOutlineIcon from '@mui/icons-material/PersonOutline';
     |                                 ^
  7  |  import LockOutlinedIcon from '@mui/icons-material/LockOutlined';
  8  |  import LoginState from './loginState';[39m
      at TransformPluginContext._formatLog (file:///C:/Users/Vikas/Downloads/CCM/frontend/node_modules/vite/dist/node/chunks/config.js:29079:43)
      at TransformPluginContext.error (file:///C:/Users/Vikas/Downloads/CCM/frontend/node_modules/vite/dist/node/chunks/config.js:29076:14)
      at normalizeUrl (file:///C:/Users/Vikas/Downloads/CCM/frontend/node_modules/vite/dist/node/chunks/config.js:27199:18)
      at async file:///C:/Users/Vikas/Downloads/CCM/frontend/node_modules/vite/dist/node/chunks/config.js:27257:32
      at async Promise.all (index 5)
      at async TransformPluginContext.transform (file:///C:/Users/Vikas/Downloads/CCM/frontend/node_modules/vite/dist/node/chunks/config.js:27225:4)
      at async EnvironmentPluginContainer.transform (file:///C:/Users/Vikas/Downloads/CCM/frontend/node_modules/vite/dist/node/chunks/config.js:28877:14)
      at async loadAndTransform (file:///C:/Users/Vikas/Downloads/CCM/frontend/node_modules/vite/dist/node/chunks/config.js:22746:26)
      at async viteTransformMiddleware (file:///C:/Users/Vikas/Downloads/CCM/frontend/node_modules/vite/dist/node/chunks/config.js:24622:20)
[33mFiles in the public directory are served at the root path.
Instead of [36m/public/img/s_logo.png[33m, use [36m/img/s_logo.png[33m.[39m
[2m3:53:48 am[22m [36m[1m[vite][22m[39m [90m[2m(client)[22m[39m [32mpage reload [39m[2msrc/ccm/views/ai-drafting.js[22m
[2m3:53:48 am[22m [31m[1m[vite][22m[39m [31m[2m(client)[22m[39m Pre-transform error: Failed to resolve import "@mui/icons-material/PersonOutline" from "src/authentication/login.js". Does the file exist?
  Plugin: [35mvite:import-analysis[39m
  File: [36mC:/Users/Vikas/Downloads/CCM/frontend/src/authentication/login.js[39m:6:30
[33m  4  |  import { basicReduxStore } from '../reduxStore';
  5  |  import { setSession, setNewSession } from './cookie';
  6  |  import PersonOutlineIcon from '@mui/icons-material/PersonOutline';
     |                                 ^
  7  |  import LockOutlinedIcon from '@mui/icons-material/LockOutlined';
  8  |  import LoginState from './loginState';[39m
[2m3:53:48 am[22m [31m[1m[vite][22m[39m [31m[2m(client)[22m[39m Pre-transform error: Failed to resolve import "@mui/icons-material/PersonOutline" from "src/authentication/login.js". Does the file exist?
  Plugin: [35mvite:import-analysis[39m
  File: [36mC:/Users/Vikas/Downloads/CCM/frontend/src/authentication/login.js[39m:6:30
[33m  4  |  import { basicReduxStore } from '../reduxStore';
  5  |  import { setSession, setNewSession } from './cookie';
  6  |  import PersonOutlineIcon from '@mui/icons-material/PersonOutline';
     |                                 ^
  7  |  import LockOutlinedIcon from '@mui/icons-material/LockOutlined';
  8  |  import LoginState from './loginState';[39m
[2m3:53:48 am[22m [31m[1m[vite][22m[39m [31mInternal server error: Failed to resolve import "@mui/icons-material/PersonOutline" from "src/authentication/login.js". Does the file exist?[39m
  Plugin: [35mvite:import-analysis[39m
  File: [36mC:/Users/Vikas/Downloads/CCM/frontend/src/authentication/login.js[39m:6:30
[33m  4  |  import { basicReduxStore } from '../reduxStore';
  5  |  import { setSession, setNewSession } from './cookie';
  6  |  import PersonOutlineIcon from '@mui/icons-material/PersonOutline';
     |                                 ^
  7  |  import LockOutlinedIcon from '@mui/icons-material/LockOutlined';
  8  |  import LoginState from './loginState';[39m
      at TransformPluginContext._formatLog (file:///C:/Users/Vikas/Downloads/CCM/frontend/node_modules/vite/dist/node/chunks/config.js:29079:43)
      at TransformPluginContext.error (file:///C:/Users/Vikas/Downloads/CCM/frontend/node_modules/vite/dist/node/chunks/config.js:29076:14)
      at normalizeUrl (file:///C:/Users/Vikas/Downloads/CCM/frontend/node_modules/vite/dist/node/chunks/config.js:27199:18)
      at async file:///C:/Users/Vikas/Downloads/CCM/frontend/node_modules/vite/dist/node/chunks/config.js:27257:32
      at async Promise.all (index 5)
      at async TransformPluginContext.transform (file:///C:/Users/Vikas/Downloads/CCM/frontend/node_modules/vite/dist/node/chunks/config.js:27225:4)
      at async EnvironmentPluginContainer.transform (file:///C:/Users/Vikas/Downloads/CCM/frontend/node_modules/vite/dist/node/chunks/config.js:28877:14)
      at async loadAndTransform (file:///C:/Users/Vikas/Downloads/CCM/frontend/node_modules/vite/dist/node/chunks/config.js:22746:26)
      at async viteTransformMiddleware (file:///C:/Users/Vikas/Downloads/CCM/frontend/node_modules/vite/dist/node/chunks/config.js:24622:20)
[2m3:53:49 am[22m [31m[1m[vite][22m[39m [31mInternal server error: Failed to resolve import "@mui/icons-material/PersonOutline" from "src/authentication/login.js". Does the file exist?[39m
  Plugin: [35mvite:import-analysis[39m
  File: [36mC:/Users/Vikas/Downloads/CCM/frontend/src/authentication/login.js[39m:6:30
[33m  4  |  import { basicReduxStore } from '../reduxStore';
  5  |  import { setSession, setNewSession } from './cookie';
  6  |  import PersonOutlineIcon from '@mui/icons-material/PersonOutline';
     |                                 ^
  7  |  import LockOutlinedIcon from '@mui/icons-material/LockOutlined';
  8  |  import LoginState from './loginState';[39m
      at TransformPluginContext._formatLog (file:///C:/Users/Vikas/Downloads/CCM/frontend/node_modules/vite/dist/node/chunks/config.js:29079:43)
      at TransformPluginContext.error (file:///C:/Users/Vikas/Downloads/CCM/frontend/node_modules/vite/dist/node/chunks/config.js:29076:14)
      at normalizeUrl (file:///C:/Users/Vikas/Downloads/CCM/frontend/node_modules/vite/dist/node/chunks/config.js:27199:18)
      at async file:///C:/Users/Vikas/Downloads/CCM/frontend/node_modules/vite/dist/node/chunks/config.js:27257:32
      at async Promise.all (index 5)
      at async TransformPluginContext.transform (file:///C:/Users/Vikas/Downloads/CCM/frontend/node_modules/vite/dist/node/chunks/config.js:27225:4)
      at async EnvironmentPluginContainer.transform (file:///C:/Users/Vikas/Downloads/CCM/frontend/node_modules/vite/dist/node/chunks/config.js:28877:14)
      at async loadAndTransform (file:///C:/Users/Vikas/Downloads/CCM/frontend/node_modules/vite/dist/node/chunks/config.js:22746:26)
      at async viteTransformMiddleware (file:///C:/Users/Vikas/Downloads/CCM/frontend/node_modules/vite/dist/node/chunks/config.js:24622:20)
[33mFiles in the public directory are served at the root path.
Instead of [36m/public/img/s_logo.png[33m, use [36m/img/s_logo.png[33m.[39m
[2m3:53:55 am[22m [36m[1m[vite][22m[39m [90m[2m(client)[22m[39m [32mpage reload [39m[2msrc/ccm/views/ai-drafting.js[22m
[2m3:53:55 am[22m [31m[1m[vite][22m[39m [31m[2m(client)[22m[39m Pre-transform error: Failed to resolve import "@mui/icons-material/PersonOutline" from "src/authentication/login.js". Does the file exist?
  Plugin: [35mvite:import-analysis[39m
  File: [36mC:/Users/Vikas/Downloads/CCM/frontend/src/authentication/login.js[39m:6:30
[33m  4  |  import { basicReduxStore } from '../reduxStore';
  5  |  import { setSession, setNewSession } from './cookie';
  6  |  import PersonOutlineIcon from '@mui/icons-material/PersonOutline';
     |                                 ^
  7  |  import LockOutlinedIcon from '@mui/icons-material/LockOutlined';
  8  |  import LoginState from './loginState';[39m
[2m3:53:55 am[22m [31m[1m[vite][22m[39m [31m[2m(client)[22m[39m Pre-transform error: Failed to resolve import "@mui/icons-material/PersonOutline" from "src/authentication/login.js". Does the file exist?
  Plugin: [35mvite:import-analysis[39m
  File: [36mC:/Users/Vikas/Downloads/CCM/frontend/src/authentication/login.js[39m:6:30
[33m  4  |  import { basicReduxStore } from '../reduxStore';
  5  |  import { setSession, setNewSession } from './cookie';
  6  |  import PersonOutlineIcon from '@mui/icons-material/PersonOutline';
     |                                 ^
  7  |  import LockOutlinedIcon from '@mui/icons-material/LockOutlined';
  8  |  import LoginState from './loginState';[39m
[2m3:53:55 am[22m [31m[1m[vite][22m[39m [31mInternal server error: Failed to resolve import "@mui/icons-material/PersonOutline" from "src/authentication/login.js". Does the file exist?[39m
  Plugin: [35mvite:import-analysis[39m
  File: [36mC:/Users/Vikas/Downloads/CCM/frontend/src/authentication/login.js[39m:6:30
[33m  4  |  import { basicReduxStore } from '../reduxStore';
  5  |  import { setSession, setNewSession } from './cookie';
  6  |  import PersonOutlineIcon from '@mui/icons-material/PersonOutline';
     |                                 ^
  7  |  import LockOutlinedIcon from '@mui/icons-material/LockOutlined';
  8  |  import LoginState from './loginState';[39m
      at TransformPluginContext._formatLog (file:///C:/Users/Vikas/Downloads/CCM/frontend/node_modules/vite/dist/node/chunks/config.js:29079:43)
      at TransformPluginContext.error (file:///C:/Users/Vikas/Downloads/CCM/frontend/node_modules/vite/dist/node/chunks/config.js:29076:14)
      at normalizeUrl (file:///C:/Users/Vikas/Downloads/CCM/frontend/node_modules/vite/dist/node/chunks/config.js:27199:18)
      at async file:///C:/Users/Vikas/Downloads/CCM/frontend/node_modules/vite/dist/node/chunks/config.js:27257:32
      at async Promise.all (index 5)
      at async TransformPluginContext.transform (file:///C:/Users/Vikas/Downloads/CCM/frontend/node_modules/vite/dist/node/chunks/config.js:27225:4)
      at async EnvironmentPluginContainer.transform (file:///C:/Users/Vikas/Downloads/CCM/frontend/node_modules/vite/dist/node/chunks/config.js:28877:14)
      at async loadAndTransform (file:///C:/Users/Vikas/Downloads/CCM/frontend/node_modules/vite/dist/node/chunks/config.js:22746:26)
      at async viteTransformMiddleware (file:///C:/Users/Vikas/Downloads/CCM/frontend/node_modules/vite/dist/node/chunks/config.js:24622:20)
[2m3:53:56 am[22m [31m[1m[vite][22m[39m [31mInternal server error: Failed to resolve import "@mui/icons-material/PersonOutline" from "src/authentication/login.js". Does the file exist?[39m
  Plugin: [35mvite:import-analysis[39m
  File: [36mC:/Users/Vikas/Downloads/CCM/frontend/src/authentication/login.js[39m:6:30
[33m  4  |  import { basicReduxStore } from '../reduxStore';
  5  |  import { setSession, setNewSession } from './cookie';
  6  |  import PersonOutlineIcon from '@mui/icons-material/PersonOutline';
     |                                 ^
  7  |  import LockOutlinedIcon from '@mui/icons-material/LockOutlined';
  8  |  import LoginState from './loginState';[39m
      at TransformPluginContext._formatLog (file:///C:/Users/Vikas/Downloads/CCM/frontend/node_modules/vite/dist/node/chunks/config.js:29079:43)
      at TransformPluginContext.error (file:///C:/Users/Vikas/Downloads/CCM/frontend/node_modules/vite/dist/node/chunks/config.js:29076:14)
      at normalizeUrl (file:///C:/Users/Vikas/Downloads/CCM/frontend/node_modules/vite/dist/node/chunks/config.js:27199:18)
      at async file:///C:/Users/Vikas/Downloads/CCM/frontend/node_modules/vite/dist/node/chunks/config.js:27257:32
      at async Promise.all (index 5)
      at async TransformPluginContext.transform (file:///C:/Users/Vikas/Downloads/CCM/frontend/node_modules/vite/dist/node/chunks/config.js:27225:4)
      at async EnvironmentPluginContainer.transform (file:///C:/Users/Vikas/Downloads/CCM/frontend/node_modules/vite/dist/node/chunks/config.js:28877:14)
      at async loadAndTransform (file:///C:/Users/Vikas/Downloads/CCM/frontend/node_modules/vite/dist/node/chunks/config.js:22746:26)
      at async viteTransformMiddleware (file:///C:/Users/Vikas/Downloads/CCM/frontend/node_modules/vite/dist/node/chunks/config.js:24622:20)
[33mFiles in the public directory are served at the root path.
Instead of [36m/public/img/s_logo.png[33m, use [36m/img/s_logo.png[33m.[39m
[2m3:54:03 am[22m [36m[1m[vite][22m[39m [90m[2m(client)[22m[39m [32mpage reload [39m[2msrc/ccm/views/ai-drafting.js[22m
[2m3:54:03 am[22m [31m[1m[vite][22m[39m [31m[2m(client)[22m[39m Pre-transform error: Failed to resolve import "@mui/icons-material/PersonOutline" from "src/authentication/login.js". Does the file exist?
  Plugin: [35mvite:import-analysis[39m
  File: [36mC:/Users/Vikas/Downloads/CCM/frontend/src/authentication/login.js[39m:6:30
[33m  4  |  import { basicReduxStore } from '../reduxStore';
  5  |  import { setSession, setNewSession } from './cookie';
  6  |  import PersonOutlineIcon from '@mui/icons-material/PersonOutline';
     |                                 ^
  7  |  import LockOutlinedIcon from '@mui/icons-material/LockOutlined';
  8  |  import LoginState from './loginState';[39m
[2m3:54:03 am[22m [31m[1m[vite][22m[39m [31m[2m(client)[22m[39m Pre-transform error: Failed to resolve import "@mui/icons-material/PersonOutline" from "src/authentication/login.js". Does the file exist?
  Plugin: [35mvite:import-analysis[39m
  File: [36mC:/Users/Vikas/Downloads/CCM/frontend/src/authentication/login.js[39m:6:30
[33m  4  |  import { basicReduxStore } from '../reduxStore';
  5  |  import { setSession, setNewSession } from './cookie';
  6  |  import PersonOutlineIcon from '@mui/icons-material/PersonOutline';
     |                                 ^
  7  |  import LockOutlinedIcon from '@mui/icons-material/LockOutlined';
  8  |  import LoginState from './loginState';[39m
[2m3:54:03 am[22m [31m[1m[vite][22m[39m [31mInternal server error: Failed to resolve import "@mui/icons-material/PersonOutline" from "src/authentication/login.js". Does the file exist?[39m
  Plugin: [35mvite:import-analysis[39m
  File: [36mC:/Users/Vikas/Downloads/CCM/frontend/src/authentication/login.js[39m:6:30
[33m  4  |  import { basicReduxStore } from '../reduxStore';
  5  |  import { setSession, setNewSession } from './cookie';
  6  |  import PersonOutlineIcon from '@mui/icons-material/PersonOutline';
     |                                 ^
  7  |  import LockOutlinedIcon from '@mui/icons-material/LockOutlined';
  8  |  import LoginState from './loginState';[39m
      at TransformPluginContext._formatLog (file:///C:/Users/Vikas/Downloads/CCM/frontend/node_modules/vite/dist/node/chunks/config.js:29079:43)
      at TransformPluginContext.error (file:///C:/Users/Vikas/Downloads/CCM/frontend/node_modules/vite/dist/node/chunks/config.js:29076:14)
      at normalizeUrl (file:///C:/Users/Vikas/Downloads/CCM/frontend/node_modules/vite/dist/node/chunks/config.js:27199:18)
      at async file:///C:/Users/Vikas/Downloads/CCM/frontend/node_modules/vite/dist/node/chunks/config.js:27257:32
      at async Promise.all (index 5)
      at async TransformPluginContext.transform (file:///C:/Users/Vikas/Downloads/CCM/frontend/node_modules/vite/dist/node/chunks/config.js:27225:4)
      at async EnvironmentPluginContainer.transform (file:///C:/Users/Vikas/Downloads/CCM/frontend/node_modules/vite/dist/node/chunks/config.js:28877:14)
      at async loadAndTransform (file:///C:/Users/Vikas/Downloads/CCM/frontend/node_modules/vite/dist/node/chunks/config.js:22746:26)
      at async viteTransformMiddleware (file:///C:/Users/Vikas/Downloads/CCM/frontend/node_modules/vite/dist/node/chunks/config.js:24622:20)
[2m3:54:04 am[22m [31m[1m[vite][22m[39m [31mInternal server error: Failed to resolve import "@mui/icons-material/PersonOutline" from "src/authentication/login.js". Does the file exist?[39m
  Plugin: [35mvite:import-analysis[39m
  File: [36mC:/Users/Vikas/Downloads/CCM/frontend/src/authentication/login.js[39m:6:30
[33m  4  |  import { basicReduxStore } from '../reduxStore';
  5  |  import { setSession, setNewSession } from './cookie';
  6  |  import PersonOutlineIcon from '@mui/icons-material/PersonOutline';
     |                                 ^
  7  |  import LockOutlinedIcon from '@mui/icons-material/LockOutlined';
  8  |  import LoginState from './loginState';[39m
      at TransformPluginContext._formatLog (file:///C:/Users/Vikas/Downloads/CCM/frontend/node_modules/vite/dist/node/chunks/config.js:29079:43)
      at TransformPluginContext.error (file:///C:/Users/Vikas/Downloads/CCM/frontend/node_modules/vite/dist/node/chunks/config.js:29076:14)
      at normalizeUrl (file:///C:/Users/Vikas/Downloads/CCM/frontend/node_modules/vite/dist/node/chunks/config.js:27199:18)
      at async file:///C:/Users/Vikas/Downloads/CCM/frontend/node_modules/vite/dist/node/chunks/config.js:27257:32
      at async Promise.all (index 5)
      at async TransformPluginContext.transform (file:///C:/Users/Vikas/Downloads/CCM/frontend/node_modules/vite/dist/node/chunks/config.js:27225:4)
      at async EnvironmentPluginContainer.transform (file:///C:/Users/Vikas/Downloads/CCM/frontend/node_modules/vite/dist/node/chunks/config.js:28877:14)
      at async loadAndTransform (file:///C:/Users/Vikas/Downloads/CCM/frontend/node_modules/vite/dist/node/chunks/config.js:22746:26)
      at async viteTransformMiddleware (file:///C:/Users/Vikas/Downloads/CCM/frontend/node_modules/vite/dist/node/chunks/config.js:24622:20)
[33mFiles in the public directory are served at the root path.
Instead of [36m/public/img/s_logo.png[33m, use [36m/img/s_logo.png[33m.[39m
[2m3:54:12 am[22m [36m[1m[vite][22m[39m [90m[2m(client)[22m[39m [32mpage reload [39m[2msrc/ccm/views/ai-drafting.js[22m
[2m3:54:13 am[22m [31m[1m[vite][22m[39m [31m[2m(client)[22m[39m Pre-transform error: Failed to resolve import "@mui/icons-material/PersonOutline" from "src/authentication/login.js". Does the file exist?
  Plugin: [35mvite:import-analysis[39m
  File: [36mC:/Users/Vikas/Downloads/CCM/frontend/src/authentication/login.js[39m:6:30
[33m  4  |  import { basicReduxStore } from '../reduxStore';
  5  |  import { setSession, setNewSession } from './cookie';
  6  |  import PersonOutlineIcon from '@mui/icons-material/PersonOutline';
     |                                 ^
  7  |  import LockOutlinedIcon from '@mui/icons-material/LockOutlined';
  8  |  import LoginState from './loginState';[39m
[2m3:54:13 am[22m [31m[1m[vite][22m[39m [31m[2m(client)[22m[39m Pre-transform error: Failed to resolve import "@mui/icons-material/PersonOutline" from "src/authentication/login.js". Does the file exist?
  Plugin: [35mvite:import-analysis[39m
  File: [36mC:/Users/Vikas/Downloads/CCM/frontend/src/authentication/login.js[39m:6:30
[33m  4  |  import { basicReduxStore } from '../reduxStore';
  5  |  import { setSession, setNewSession } from './cookie';
  6  |  import PersonOutlineIcon from '@mui/icons-material/PersonOutline';
     |                                 ^
  7  |  import LockOutlinedIcon from '@mui/icons-material/LockOutlined';
  8  |  import LoginState from './loginState';[39m
[2m3:54:13 am[22m [31m[1m[vite][22m[39m [31mInternal server error: Failed to resolve import "@mui/icons-material/PersonOutline" from "src/authentication/login.js". Does the file exist?[39m
  Plugin: [35mvite:import-analysis[39m
  File: [36mC:/Users/Vikas/Downloads/CCM/frontend/src/authentication/login.js[39m:6:30
[33m  4  |  import { basicReduxStore } from '../reduxStore';
  5  |  import { setSession, setNewSession } from './cookie';
  6  |  import PersonOutlineIcon from '@mui/icons-material/PersonOutline';
     |                                 ^
  7  |  import LockOutlinedIcon from '@mui/icons-material/LockOutlined';
  8  |  import LoginState from './loginState';[39m
      at TransformPluginContext._formatLog (file:///C:/Users/Vikas/Downloads/CCM/frontend/node_modules/vite/dist/node/chunks/config.js:29079:43)
      at TransformPluginContext.error (file:///C:/Users/Vikas/Downloads/CCM/frontend/node_modules/vite/dist/node/chunks/config.js:29076:14)
      at normalizeUrl (file:///C:/Users/Vikas/Downloads/CCM/frontend/node_modules/vite/dist/node/chunks/config.js:27199:18)
      at async file:///C:/Users/Vikas/Downloads/CCM/frontend/node_modules/vite/dist/node/chunks/config.js:27257:32
      at async Promise.all (index 5)
      at async TransformPluginContext.transform (file:///C:/Users/Vikas/Downloads/CCM/frontend/node_modules/vite/dist/node/chunks/config.js:27225:4)
      at async EnvironmentPluginContainer.transform (file:///C:/Users/Vikas/Downloads/CCM/frontend/node_modules/vite/dist/node/chunks/config.js:28877:14)
      at async loadAndTransform (file:///C:/Users/Vikas/Downloads/CCM/frontend/node_modules/vite/dist/node/chunks/config.js:22746:26)
      at async viteTransformMiddleware (file:///C:/Users/Vikas/Downloads/CCM/frontend/node_modules/vite/dist/node/chunks/config.js:24622:20)
[2m3:54:13 am[22m [31m[1m[vite][22m[39m [31mInternal server error: Failed to resolve import "@mui/icons-material/PersonOutline" from "src/authentication/login.js". Does the file exist?[39m
  Plugin: [35mvite:import-analysis[39m
  File: [36mC:/Users/Vikas/Downloads/CCM/frontend/src/authentication/login.js[39m:6:30
[33m  4  |  import { basicReduxStore } from '../reduxStore';
  5  |  import { setSession, setNewSession } from './cookie';
  6  |  import PersonOutlineIcon from '@mui/icons-material/PersonOutline';
     |                                 ^
  7  |  import LockOutlinedIcon from '@mui/icons-material/LockOutlined';
  8  |  import LoginState from './loginState';[39m
      at TransformPluginContext._formatLog (file:///C:/Users/Vikas/Downloads/CCM/frontend/node_modules/vite/dist/node/chunks/config.js:29079:43)
      at TransformPluginContext.error (file:///C:/Users/Vikas/Downloads/CCM/frontend/node_modules/vite/dist/node/chunks/config.js:29076:14)
      at normalizeUrl (file:///C:/Users/Vikas/Downloads/CCM/frontend/node_modules/vite/dist/node/chunks/config.js:27199:18)
      at async file:///C:/Users/Vikas/Downloads/CCM/frontend/node_modules/vite/dist/node/chunks/config.js:27257:32
      at async Promise.all (index 5)
      at async TransformPluginContext.transform (file:///C:/Users/Vikas/Downloads/CCM/frontend/node_modules/vite/dist/node/chunks/config.js:27225:4)
      at async EnvironmentPluginContainer.transform (file:///C:/Users/Vikas/Downloads/CCM/frontend/node_modules/vite/dist/node/chunks/config.js:28877:14)
      at async loadAndTransform (file:///C:/Users/Vikas/Downloads/CCM/frontend/node_modules/vite/dist/node/chunks/config.js:22746:26)
      at async viteTransformMiddleware (file:///C:/Users/Vikas/Downloads/CCM/frontend/node_modules/vite/dist/node/chunks/config.js:24622:20)
[33mFiles in the public directory are served at the root path.
Instead of [36m/public/img/s_logo.png[33m, use [36m/img/s_logo.png[33m.[39m
[2m3:54:27 am[22m [36m[1m[vite][22m[39m [90m[2m(client)[22m[39m [32mpage reload [39m[2msrc/ccm/views/ai-drafting.js[22m
[2m3:54:27 am[22m [31m[1m[vite][22m[39m [31m[2m(client)[22m[39m Pre-transform error: Failed to resolve import "@mui/icons-material/PersonOutline" from "src/authentication/login.js". Does the file exist?
  Plugin: [35mvite:import-analysis[39m
  File: [36mC:/Users/Vikas/Downloads/CCM/frontend/src/authentication/login.js[39m:6:30
[33m  4  |  import { basicReduxStore } from '../reduxStore';
  5  |  import { setSession, setNewSession } from './cookie';
  6  |  import PersonOutlineIcon from '@mui/icons-material/PersonOutline';
     |                                 ^
  7  |  import LockOutlinedIcon from '@mui/icons-material/LockOutlined';
  8  |  import LoginState from './loginState';[39m
[2m3:54:27 am[22m [31m[1m[vite][22m[39m [31m[2m(client)[22m[39m Pre-transform error: Failed to resolve import "@mui/icons-material/PersonOutline" from "src/authentication/login.js". Does the file exist?
  Plugin: [35mvite:import-analysis[39m
  File: [36mC:/Users/Vikas/Downloads/CCM/frontend/src/authentication/login.js[39m:6:30
[33m  4  |  import { basicReduxStore } from '../reduxStore';
  5  |  import { setSession, setNewSession } from './cookie';
  6  |  import PersonOutlineIcon from '@mui/icons-material/PersonOutline';
     |                                 ^
  7  |  import LockOutlinedIcon from '@mui/icons-material/LockOutlined';
  8  |  import LoginState from './loginState';[39m
[2m3:54:27 am[22m [31m[1m[vite][22m[39m [31mInternal server error: Failed to resolve import "@mui/icons-material/PersonOutline" from "src/authentication/login.js". Does the file exist?[39m
  Plugin: [35mvite:import-analysis[39m
  File: [36mC:/Users/Vikas/Downloads/CCM/frontend/src/authentication/login.js[39m:6:30
[33m  4  |  import { basicReduxStore } from '../reduxStore';
  5  |  import { setSession, setNewSession } from './cookie';
  6  |  import PersonOutlineIcon from '@mui/icons-material/PersonOutline';
     |                                 ^
  7  |  import LockOutlinedIcon from '@mui/icons-material/LockOutlined';
  8  |  import LoginState from './loginState';[39m
      at TransformPluginContext._formatLog (file:///C:/Users/Vikas/Downloads/CCM/frontend/node_modules/vite/dist/node/chunks/config.js:29079:43)
      at TransformPluginContext.error (file:///C:/Users/Vikas/Downloads/CCM/frontend/node_modules/vite/dist/node/chunks/config.js:29076:14)
      at normalizeUrl (file:///C:/Users/Vikas/Downloads/CCM/frontend/node_modules/vite/dist/node/chunks/config.js:27199:18)
      at async file:///C:/Users/Vikas/Downloads/CCM/frontend/node_modules/vite/dist/node/chunks/config.js:27257:32
      at async Promise.all (index 5)
      at async TransformPluginContext.transform (file:///C:/Users/Vikas/Downloads/CCM/frontend/node_modules/vite/dist/node/chunks/config.js:27225:4)
      at async EnvironmentPluginContainer.transform (file:///C:/Users/Vikas/Downloads/CCM/frontend/node_modules/vite/dist/node/chunks/config.js:28877:14)
      at async loadAndTransform (file:///C:/Users/Vikas/Downloads/CCM/frontend/node_modules/vite/dist/node/chunks/config.js:22746:26)
      at async viteTransformMiddleware (file:///C:/Users/Vikas/Downloads/CCM/frontend/node_modules/vite/dist/node/chunks/config.js:24622:20)
[2m3:54:28 am[22m [31m[1m[vite][22m[39m [31mInternal server error: Failed to resolve import "@mui/icons-material/PersonOutline" from "src/authentication/login.js". Does the file exist?[39m
  Plugin: [35mvite:import-analysis[39m
  File: [36mC:/Users/Vikas/Downloads/CCM/frontend/src/authentication/login.js[39m:6:30
[33m  4  |  import { basicReduxStore } from '../reduxStore';
  5  |  import { setSession, setNewSession } from './cookie';
  6  |  import PersonOutlineIcon from '@mui/icons-material/PersonOutline';
     |                                 ^
  7  |  import LockOutlinedIcon from '@mui/icons-material/LockOutlined';
  8  |  import LoginState from './loginState';[39m
      at TransformPluginContext._formatLog (file:///C:/Users/Vikas/Downloads/CCM/frontend/node_modules/vite/dist/node/chunks/config.js:29079:43)
      at TransformPluginContext.error (file:///C:/Users/Vikas/Downloads/CCM/frontend/node_modules/vite/dist/node/chunks/config.js:29076:14)
      at normalizeUrl (file:///C:/Users/Vikas/Downloads/CCM/frontend/node_modules/vite/dist/node/chunks/config.js:27199:18)
      at async file:///C:/Users/Vikas/Downloads/CCM/frontend/node_modules/vite/dist/node/chunks/config.js:27257:32
      at async Promise.all (index 5)
      at async TransformPluginContext.transform (file:///C:/Users/Vikas/Downloads/CCM/frontend/node_modules/vite/dist/node/chunks/config.js:27225:4)
      at async EnvironmentPluginContainer.transform (file:///C:/Users/Vikas/Downloads/CCM/frontend/node_modules/vite/dist/node/chunks/config.js:28877:14)
      at async loadAndTransform (file:///C:/Users/Vikas/Downloads/CCM/frontend/node_modules/vite/dist/node/chunks/config.js:22746:26)
      at async viteTransformMiddleware (file:///C:/Users/Vikas/Downloads/CCM/frontend/node_modules/vite/dist/node/chunks/config.js:24622:20)
[33mFiles in the public directory are served at the root path.
Instead of [36m/public/img/s_logo.png[33m, use [36m/img/s_logo.png[33m.[39m
[2m3:56:58 am[22m [36m[1m[vite][22m[39m [90m[2m(client)[22m[39m [32mpage reload [39m[2msrc/helper/file-helper.js[22m
[2m3:56:58 am[22m [31m[1m[vite][22m[39m [31m[2m(client)[22m[39m Pre-transform error: Failed to resolve import "@mui/icons-material/PersonOutline" from "src/authentication/login.js". Does the file exist?
  Plugin: [35mvite:import-analysis[39m
  File: [36mC:/Users/Vikas/Downloads/CCM/frontend/src/authentication/login.js[39m:6:30
[33m  4  |  import { basicReduxStore } from '../reduxStore';
  5  |  import { setSession, setNewSession } from './cookie';
  6  |  import PersonOutlineIcon from '@mui/icons-material/PersonOutline';
     |                                 ^
  7  |  import LockOutlinedIcon from '@mui/icons-material/LockOutlined';
  8  |  import LoginState from './loginState';[39m
[2m3:56:58 am[22m [31m[1m[vite][22m[39m [31m[2m(client)[22m[39m Pre-transform error: Failed to resolve import "@mui/icons-material/PersonOutline" from "src/authentication/login.js". Does the file exist?
  Plugin: [35mvite:import-analysis[39m
  File: [36mC:/Users/Vikas/Downloads/CCM/frontend/src/authentication/login.js[39m:6:30
[33m  4  |  import { basicReduxStore } from '../reduxStore';
  5  |  import { setSession, setNewSession } from './cookie';
  6  |  import PersonOutlineIcon from '@mui/icons-material/PersonOutline';
     |                                 ^
  7  |  import LockOutlinedIcon from '@mui/icons-material/LockOutlined';
  8  |  import LoginState from './loginState';[39m
[2m3:56:58 am[22m [31m[1m[vite][22m[39m [31mInternal server error: Failed to resolve import "@mui/icons-material/PersonOutline" from "src/authentication/login.js". Does the file exist?[39m
  Plugin: [35mvite:import-analysis[39m
  File: [36mC:/Users/Vikas/Downloads/CCM/frontend/src/authentication/login.js[39m:6:30
[33m  4  |  import { basicReduxStore } from '../reduxStore';
  5  |  import { setSession, setNewSession } from './cookie';
  6  |  import PersonOutlineIcon from '@mui/icons-material/PersonOutline';
     |                                 ^
  7  |  import LockOutlinedIcon from '@mui/icons-material/LockOutlined';
  8  |  import LoginState from './loginState';[39m
      at TransformPluginContext._formatLog (file:///C:/Users/Vikas/Downloads/CCM/frontend/node_modules/vite/dist/node/chunks/config.js:29079:43)
      at TransformPluginContext.error (file:///C:/Users/Vikas/Downloads/CCM/frontend/node_modules/vite/dist/node/chunks/config.js:29076:14)
      at normalizeUrl (file:///C:/Users/Vikas/Downloads/CCM/frontend/node_modules/vite/dist/node/chunks/config.js:27199:18)
      at async file:///C:/Users/Vikas/Downloads/CCM/frontend/node_modules/vite/dist/node/chunks/config.js:27257:32
      at async Promise.all (index 5)
      at async TransformPluginContext.transform (file:///C:/Users/Vikas/Downloads/CCM/frontend/node_modules/vite/dist/node/chunks/config.js:27225:4)
      at async EnvironmentPluginContainer.transform (file:///C:/Users/Vikas/Downloads/CCM/frontend/node_modules/vite/dist/node/chunks/config.js:28877:14)
      at async loadAndTransform (file:///C:/Users/Vikas/Downloads/CCM/frontend/node_modules/vite/dist/node/chunks/config.js:22746:26)
      at async viteTransformMiddleware (file:///C:/Users/Vikas/Downloads/CCM/frontend/node_modules/vite/dist/node/chunks/config.js:24622:20)
[2m3:56:59 am[22m [31m[1m[vite][22m[39m [31mInternal server error: Failed to resolve import "@mui/icons-material/PersonOutline" from "src/authentication/login.js". Does the file exist?[39m
  Plugin: [35mvite:import-analysis[39m
  File: [36mC:/Users/Vikas/Downloads/CCM/frontend/src/authentication/login.js[39m:6:30
[33m  4  |  import { basicReduxStore } from '../reduxStore';
  5  |  import { setSession, setNewSession } from './cookie';
  6  |  import PersonOutlineIcon from '@mui/icons-material/PersonOutline';
     |                                 ^
  7  |  import LockOutlinedIcon from '@mui/icons-material/LockOutlined';
  8  |  import LoginState from './loginState';[39m
      at TransformPluginContext._formatLog (file:///C:/Users/Vikas/Downloads/CCM/frontend/node_modules/vite/dist/node/chunks/config.js:29079:43)
      at TransformPluginContext.error (file:///C:/Users/Vikas/Downloads/CCM/frontend/node_modules/vite/dist/node/chunks/config.js:29076:14)
      at normalizeUrl (file:///C:/Users/Vikas/Downloads/CCM/frontend/node_modules/vite/dist/node/chunks/config.js:27199:18)
      at async file:///C:/Users/Vikas/Downloads/CCM/frontend/node_modules/vite/dist/node/chunks/config.js:27257:32
      at async Promise.all (index 5)
      at async TransformPluginContext.transform (file:///C:/Users/Vikas/Downloads/CCM/frontend/node_modules/vite/dist/node/chunks/config.js:27225:4)
      at async EnvironmentPluginContainer.transform (file:///C:/Users/Vikas/Downloads/CCM/frontend/node_modules/vite/dist/node/chunks/config.js:28877:14)
      at async loadAndTransform (file:///C:/Users/Vikas/Downloads/CCM/frontend/node_modules/vite/dist/node/chunks/config.js:22746:26)
      at async viteTransformMiddleware (file:///C:/Users/Vikas/Downloads/CCM/frontend/node_modules/vite/dist/node/chunks/config.js:24622:20)
[33mFiles in the public directory are served at the root path.
Instead of [36m/public/img/s_logo.png[33m, use [36m/img/s_logo.png[33m.[39m
[2m3:57:04 am[22m [36m[1m[vite][22m[39m [90m[2m(client)[22m[39m [32mpage reload [39m[2msrc/helper/pdf-viewer.js[22m
[2m3:57:04 am[22m [31m[1m[vite][22m[39m [31m[2m(client)[22m[39m Pre-transform error: Failed to resolve import "@mui/icons-material/PersonOutline" from "src/authentication/login.js". Does the file exist?
  Plugin: [35mvite:import-analysis[39m
  File: [36mC:/Users/Vikas/Downloads/CCM/frontend/src/authentication/login.js[39m:6:30
[33m  4  |  import { basicReduxStore } from '../reduxStore';
  5  |  import { setSession, setNewSession } from './cookie';
  6  |  import PersonOutlineIcon from '@mui/icons-material/PersonOutline';
     |                                 ^
  7  |  import LockOutlinedIcon from '@mui/icons-material/LockOutlined';
  8  |  import LoginState from './loginState';[39m
[2m3:57:04 am[22m [31m[1m[vite][22m[39m [31m[2m(client)[22m[39m Pre-transform error: Failed to resolve import "@mui/icons-material/PersonOutline" from "src/authentication/login.js". Does the file exist?
  Plugin: [35mvite:import-analysis[39m
  File: [36mC:/Users/Vikas/Downloads/CCM/frontend/src/authentication/login.js[39m:6:30
[33m  4  |  import { basicReduxStore } from '../reduxStore';
  5  |  import { setSession, setNewSession } from './cookie';
  6  |  import PersonOutlineIcon from '@mui/icons-material/PersonOutline';
     |                                 ^
  7  |  import LockOutlinedIcon from '@mui/icons-material/LockOutlined';
  8  |  import LoginState from './loginState';[39m
[2m3:57:04 am[22m [31m[1m[vite][22m[39m [31mInternal server error: Failed to resolve import "@mui/icons-material/PersonOutline" from "src/authentication/login.js". Does the file exist?[39m
  Plugin: [35mvite:import-analysis[39m
  File: [36mC:/Users/Vikas/Downloads/CCM/frontend/src/authentication/login.js[39m:6:30
[33m  4  |  import { basicReduxStore } from '../reduxStore';
  5  |  import { setSession, setNewSession } from './cookie';
  6  |  import PersonOutlineIcon from '@mui/icons-material/PersonOutline';
     |                                 ^
  7  |  import LockOutlinedIcon from '@mui/icons-material/LockOutlined';
  8  |  import LoginState from './loginState';[39m
      at TransformPluginContext._formatLog (file:///C:/Users/Vikas/Downloads/CCM/frontend/node_modules/vite/dist/node/chunks/config.js:29079:43)
      at TransformPluginContext.error (file:///C:/Users/Vikas/Downloads/CCM/frontend/node_modules/vite/dist/node/chunks/config.js:29076:14)
      at normalizeUrl (file:///C:/Users/Vikas/Downloads/CCM/frontend/node_modules/vite/dist/node/chunks/config.js:27199:18)
      at async file:///C:/Users/Vikas/Downloads/CCM/frontend/node_modules/vite/dist/node/chunks/config.js:27257:32
      at async Promise.all (index 5)
      at async TransformPluginContext.transform (file:///C:/Users/Vikas/Downloads/CCM/frontend/node_modules/vite/dist/node/chunks/config.js:27225:4)
      at async EnvironmentPluginContainer.transform (file:///C:/Users/Vikas/Downloads/CCM/frontend/node_modules/vite/dist/node/chunks/config.js:28877:14)
      at async loadAndTransform (file:///C:/Users/Vikas/Downloads/CCM/frontend/node_modules/vite/dist/node/chunks/config.js:22746:26)
      at async viteTransformMiddleware (file:///C:/Users/Vikas/Downloads/CCM/frontend/node_modules/vite/dist/node/chunks/config.js:24622:20)
[2m3:57:04 am[22m [31m[1m[vite][22m[39m [31mInternal server error: Failed to resolve import "@mui/icons-material/PersonOutline" from "src/authentication/login.js". Does the file exist?[39m
  Plugin: [35mvite:import-analysis[39m
  File: [36mC:/Users/Vikas/Downloads/CCM/frontend/src/authentication/login.js[39m:6:30
[33m  4  |  import { basicReduxStore } from '../reduxStore';
  5  |  import { setSession, setNewSession } from './cookie';
  6  |  import PersonOutlineIcon from '@mui/icons-material/PersonOutline';
     |                                 ^
  7  |  import LockOutlinedIcon from '@mui/icons-material/LockOutlined';
  8  |  import LoginState from './loginState';[39m
      at TransformPluginContext._formatLog (file:///C:/Users/Vikas/Downloads/CCM/frontend/node_modules/vite/dist/node/chunks/config.js:29079:43)
      at TransformPluginContext.error (file:///C:/Users/Vikas/Downloads/CCM/frontend/node_modules/vite/dist/node/chunks/config.js:29076:14)
      at normalizeUrl (file:///C:/Users/Vikas/Downloads/CCM/frontend/node_modules/vite/dist/node/chunks/config.js:27199:18)
      at async file:///C:/Users/Vikas/Downloads/CCM/frontend/node_modules/vite/dist/node/chunks/config.js:27257:32
      at async Promise.all (index 5)
      at async TransformPluginContext.transform (file:///C:/Users/Vikas/Downloads/CCM/frontend/node_modules/vite/dist/node/chunks/config.js:27225:4)
      at async EnvironmentPluginContainer.transform (file:///C:/Users/Vikas/Downloads/CCM/frontend/node_modules/vite/dist/node/chunks/config.js:28877:14)
      at async loadAndTransform (file:///C:/Users/Vikas/Downloads/CCM/frontend/node_modules/vite/dist/node/chunks/config.js:22746:26)
      at async viteTransformMiddleware (file:///C:/Users/Vikas/Downloads/CCM/frontend/node_modules/vite/dist/node/chunks/config.js:24622:20)
[33mFiles in the public directory are served at the root path.
Instead of [36m/public/img/s_logo.png[33m, use [36m/img/s_logo.png[33m.[39m
[2m3:57:37 am[22m [36m[1m[vite][22m[39m [90m[2m(client)[22m[39m [32mpage reload [39m[2msrc/authentication/session-expire.js[22m
[2m3:57:37 am[22m [31m[1m[vite][22m[39m [31m[2m(client)[22m[39m Pre-transform error: Failed to resolve import "@mui/icons-material/PersonOutline" from "src/authentication/login.js". Does the file exist?
  Plugin: [35mvite:import-analysis[39m
  File: [36mC:/Users/Vikas/Downloads/CCM/frontend/src/authentication/login.js[39m:6:30
[33m  4  |  import { basicReduxStore } from '../reduxStore';
  5  |  import { setSession, setNewSession } from './cookie';
  6  |  import PersonOutlineIcon from '@mui/icons-material/PersonOutline';
     |                                 ^
  7  |  import LockOutlinedIcon from '@mui/icons-material/LockOutlined';
  8  |  import LoginState from './loginState';[39m
[2m3:57:37 am[22m [31m[1m[vite][22m[39m [31m[2m(client)[22m[39m Pre-transform error: Failed to resolve import "@mui/icons-material/PersonOutline" from "src/authentication/login.js". Does the file exist?
  Plugin: [35mvite:import-analysis[39m
  File: [36mC:/Users/Vikas/Downloads/CCM/frontend/src/authentication/login.js[39m:6:30
[33m  4  |  import { basicReduxStore } from '../reduxStore';
  5  |  import { setSession, setNewSession } from './cookie';
  6  |  import PersonOutlineIcon from '@mui/icons-material/PersonOutline';
     |                                 ^
  7  |  import LockOutlinedIcon from '@mui/icons-material/LockOutlined';
  8  |  import LoginState from './loginState';[39m
[2m3:57:37 am[22m [31m[1m[vite][22m[39m [31mInternal server error: Failed to resolve import "@mui/icons-material/PersonOutline" from "src/authentication/login.js". Does the file exist?[39m
  Plugin: [35mvite:import-analysis[39m
  File: [36mC:/Users/Vikas/Downloads/CCM/frontend/src/authentication/login.js[39m:6:30
[33m  4  |  import { basicReduxStore } from '../reduxStore';
  5  |  import { setSession, setNewSession } from './cookie';
  6  |  import PersonOutlineIcon from '@mui/icons-material/PersonOutline';
     |                                 ^
  7  |  import LockOutlinedIcon from '@mui/icons-material/LockOutlined';
  8  |  import LoginState from './loginState';[39m
      at TransformPluginContext._formatLog (file:///C:/Users/Vikas/Downloads/CCM/frontend/node_modules/vite/dist/node/chunks/config.js:29079:43)
      at TransformPluginContext.error (file:///C:/Users/Vikas/Downloads/CCM/frontend/node_modules/vite/dist/node/chunks/config.js:29076:14)
      at normalizeUrl (file:///C:/Users/Vikas/Downloads/CCM/frontend/node_modules/vite/dist/node/chunks/config.js:27199:18)
      at async file:///C:/Users/Vikas/Downloads/CCM/frontend/node_modules/vite/dist/node/chunks/config.js:27257:32
      at async Promise.all (index 5)
      at async TransformPluginContext.transform (file:///C:/Users/Vikas/Downloads/CCM/frontend/node_modules/vite/dist/node/chunks/config.js:27225:4)
      at async EnvironmentPluginContainer.transform (file:///C:/Users/Vikas/Downloads/CCM/frontend/node_modules/vite/dist/node/chunks/config.js:28877:14)
      at async loadAndTransform (file:///C:/Users/Vikas/Downloads/CCM/frontend/node_modules/vite/dist/node/chunks/config.js:22746:26)
      at async viteTransformMiddleware (file:///C:/Users/Vikas/Downloads/CCM/frontend/node_modules/vite/dist/node/chunks/config.js:24622:20)
[2m3:57:37 am[22m [31m[1m[vite][22m[39m [31mInternal server error: Failed to resolve import "@mui/icons-material/PersonOutline" from "src/authentication/login.js". Does the file exist?[39m
  Plugin: [35mvite:import-analysis[39m
  File: [36mC:/Users/Vikas/Downloads/CCM/frontend/src/authentication/login.js[39m:6:30
[33m  4  |  import { basicReduxStore } from '../reduxStore';
  5  |  import { setSession, setNewSession } from './cookie';
  6  |  import PersonOutlineIcon from '@mui/icons-material/PersonOutline';
     |                                 ^
  7  |  import LockOutlinedIcon from '@mui/icons-material/LockOutlined';
  8  |  import LoginState from './loginState';[39m
      at TransformPluginContext._formatLog (file:///C:/Users/Vikas/Downloads/CCM/frontend/node_modules/vite/dist/node/chunks/config.js:29079:43)
      at TransformPluginContext.error (file:///C:/Users/Vikas/Downloads/CCM/frontend/node_modules/vite/dist/node/chunks/config.js:29076:14)
      at normalizeUrl (file:///C:/Users/Vikas/Downloads/CCM/frontend/node_modules/vite/dist/node/chunks/config.js:27199:18)
      at async file:///C:/Users/Vikas/Downloads/CCM/frontend/node_modules/vite/dist/node/chunks/config.js:27257:32
      at async Promise.all (index 5)
      at async TransformPluginContext.transform (file:///C:/Users/Vikas/Downloads/CCM/frontend/node_modules/vite/dist/node/chunks/config.js:27225:4)
      at async EnvironmentPluginContainer.transform (file:///C:/Users/Vikas/Downloads/CCM/frontend/node_modules/vite/dist/node/chunks/config.js:28877:14)
      at async loadAndTransform (file:///C:/Users/Vikas/Downloads/CCM/frontend/node_modules/vite/dist/node/chunks/config.js:22746:26)
      at async viteTransformMiddleware (file:///C:/Users/Vikas/Downloads/CCM/frontend/node_modules/vite/dist/node/chunks/config.js:24622:20)
[33mFiles in the public directory are served at the root path.
Instead of [36m/public/img/s_logo.png[33m, use [36m/img/s_logo.png[33m.[39m
[2m3:57:52 am[22m [36m[1m[vite][22m[39m [90m[2m(client)[22m[39m [32mpage reload [39m[2msrc/containers/default-layout/external-layout.js[22m
[2m3:57:52 am[22m [31m[1m[vite][22m[39m [31m[2m(client)[22m[39m Pre-transform error: Failed to resolve import "@mui/icons-material/PersonOutline" from "src/authentication/login.js". Does the file exist?
  Plugin: [35mvite:import-analysis[39m
  File: [36mC:/Users/Vikas/Downloads/CCM/frontend/src/authentication/login.js[39m:6:30
[33m  4  |  import { basicReduxStore } from '../reduxStore';
  5  |  import { setSession, setNewSession } from './cookie';
  6  |  import PersonOutlineIcon from '@mui/icons-material/PersonOutline';
     |                                 ^
  7  |  import LockOutlinedIcon from '@mui/icons-material/LockOutlined';
  8  |  import LoginState from './loginState';[39m
[2m3:57:52 am[22m [31m[1m[vite][22m[39m [31m[2m(client)[22m[39m Pre-transform error: Failed to resolve import "@mui/icons-material/PersonOutline" from "src/authentication/login.js". Does the file exist?
  Plugin: [35mvite:import-analysis[39m
  File: [36mC:/Users/Vikas/Downloads/CCM/frontend/src/authentication/login.js[39m:6:30
[33m  4  |  import { basicReduxStore } from '../reduxStore';
  5  |  import { setSession, setNewSession } from './cookie';
  6  |  import PersonOutlineIcon from '@mui/icons-material/PersonOutline';
     |                                 ^
  7  |  import LockOutlinedIcon from '@mui/icons-material/LockOutlined';
  8  |  import LoginState from './loginState';[39m
[2m3:57:52 am[22m [31m[1m[vite][22m[39m [31mInternal server error: Failed to resolve import "@mui/icons-material/PersonOutline" from "src/authentication/login.js". Does the file exist?[39m
  Plugin: [35mvite:import-analysis[39m
  File: [36mC:/Users/Vikas/Downloads/CCM/frontend/src/authentication/login.js[39m:6:30
[33m  4  |  import { basicReduxStore } from '../reduxStore';
  5  |  import { setSession, setNewSession } from './cookie';
  6  |  import PersonOutlineIcon from '@mui/icons-material/PersonOutline';
     |                                 ^
  7  |  import LockOutlinedIcon from '@mui/icons-material/LockOutlined';
  8  |  import LoginState from './loginState';[39m
      at TransformPluginContext._formatLog (file:///C:/Users/Vikas/Downloads/CCM/frontend/node_modules/vite/dist/node/chunks/config.js:29079:43)
      at TransformPluginContext.error (file:///C:/Users/Vikas/Downloads/CCM/frontend/node_modules/vite/dist/node/chunks/config.js:29076:14)
      at normalizeUrl (file:///C:/Users/Vikas/Downloads/CCM/frontend/node_modules/vite/dist/node/chunks/config.js:27199:18)
      at async file:///C:/Users/Vikas/Downloads/CCM/frontend/node_modules/vite/dist/node/chunks/config.js:27257:32
      at async Promise.all (index 5)
      at async TransformPluginContext.transform (file:///C:/Users/Vikas/Downloads/CCM/frontend/node_modules/vite/dist/node/chunks/config.js:27225:4)
      at async EnvironmentPluginContainer.transform (file:///C:/Users/Vikas/Downloads/CCM/frontend/node_modules/vite/dist/node/chunks/config.js:28877:14)
      at async loadAndTransform (file:///C:/Users/Vikas/Downloads/CCM/frontend/node_modules/vite/dist/node/chunks/config.js:22746:26)
      at async viteTransformMiddleware (file:///C:/Users/Vikas/Downloads/CCM/frontend/node_modules/vite/dist/node/chunks/config.js:24622:20)
[2m3:57:52 am[22m [31m[1m[vite][22m[39m [31mInternal server error: Failed to resolve import "@mui/icons-material/PersonOutline" from "src/authentication/login.js". Does the file exist?[39m
  Plugin: [35mvite:import-analysis[39m
  File: [36mC:/Users/Vikas/Downloads/CCM/frontend/src/authentication/login.js[39m:6:30
[33m  4  |  import { basicReduxStore } from '../reduxStore';
  5  |  import { setSession, setNewSession } from './cookie';
  6  |  import PersonOutlineIcon from '@mui/icons-material/PersonOutline';
     |                                 ^
  7  |  import LockOutlinedIcon from '@mui/icons-material/LockOutlined';
  8  |  import LoginState from './loginState';[39m
      at TransformPluginContext._formatLog (file:///C:/Users/Vikas/Downloads/CCM/frontend/node_modules/vite/dist/node/chunks/config.js:29079:43)
      at TransformPluginContext.error (file:///C:/Users/Vikas/Downloads/CCM/frontend/node_modules/vite/dist/node/chunks/config.js:29076:14)
      at normalizeUrl (file:///C:/Users/Vikas/Downloads/CCM/frontend/node_modules/vite/dist/node/chunks/config.js:27199:18)
      at async file:///C:/Users/Vikas/Downloads/CCM/frontend/node_modules/vite/dist/node/chunks/config.js:27257:32
      at async Promise.all (index 5)
      at async TransformPluginContext.transform (file:///C:/Users/Vikas/Downloads/CCM/frontend/node_modules/vite/dist/node/chunks/config.js:27225:4)
      at async EnvironmentPluginContainer.transform (file:///C:/Users/Vikas/Downloads/CCM/frontend/node_modules/vite/dist/node/chunks/config.js:28877:14)
      at async loadAndTransform (file:///C:/Users/Vikas/Downloads/CCM/frontend/node_modules/vite/dist/node/chunks/config.js:22746:26)
      at async viteTransformMiddleware (file:///C:/Users/Vikas/Downloads/CCM/frontend/node_modules/vite/dist/node/chunks/config.js:24622:20)
[33mFiles in the public directory are served at the root path.
Instead of [36m/public/img/s_logo.png[33m, use [36m/img/s_logo.png[33m.[39m
[2m4:15:38 am[22m [36m[1m[vite][22m[39m [90m[2m(client)[22m[39m [32mpage reload [39m[2msrc/master/views/project-master.js[22m
[2m4:15:39 am[22m [31m[1m[vite][22m[39m [31m[2m(client)[22m[39m Pre-transform error: Failed to resolve import "@mui/icons-material/PersonOutline" from "src/authentication/login.js". Does the file exist?
  Plugin: [35mvite:import-analysis[39m
  File: [36mC:/Users/Vikas/Downloads/CCM/frontend/src/authentication/login.js[39m:6:30
[33m  4  |  import { basicReduxStore } from '../reduxStore';
  5  |  import { setSession, setNewSession } from './cookie';
  6  |  import PersonOutlineIcon from '@mui/icons-material/PersonOutline';
     |                                 ^
  7  |  import LockOutlinedIcon from '@mui/icons-material/LockOutlined';
  8  |  import LoginState from './loginState';[39m
[2m4:15:39 am[22m [31m[1m[vite][22m[39m [31m[2m(client)[22m[39m Pre-transform error: Failed to resolve import "@mui/icons-material/PersonOutline" from "src/authentication/login.js". Does the file exist?
  Plugin: [35mvite:import-analysis[39m
  File: [36mC:/Users/Vikas/Downloads/CCM/frontend/src/authentication/login.js[39m:6:30
[33m  4  |  import { basicReduxStore } from '../reduxStore';
  5  |  import { setSession, setNewSession } from './cookie';
  6  |  import PersonOutlineIcon from '@mui/icons-material/PersonOutline';
     |                                 ^
  7  |  import LockOutlinedIcon from '@mui/icons-material/LockOutlined';
  8  |  import LoginState from './loginState';[39m
[2m4:15:40 am[22m [31m[1m[vite][22m[39m [31mInternal server error: Failed to resolve import "@mui/icons-material/PersonOutline" from "src/authentication/login.js". Does the file exist?[39m
  Plugin: [35mvite:import-analysis[39m
  File: [36mC:/Users/Vikas/Downloads/CCM/frontend/src/authentication/login.js[39m:6:30
[33m  4  |  import { basicReduxStore } from '../reduxStore';
  5  |  import { setSession, setNewSession } from './cookie';
  6  |  import PersonOutlineIcon from '@mui/icons-material/PersonOutline';
     |                                 ^
  7  |  import LockOutlinedIcon from '@mui/icons-material/LockOutlined';
  8  |  import LoginState from './loginState';[39m
      at TransformPluginContext._formatLog (file:///C:/Users/Vikas/Downloads/CCM/frontend/node_modules/vite/dist/node/chunks/config.js:29079:43)
      at TransformPluginContext.error (file:///C:/Users/Vikas/Downloads/CCM/frontend/node_modules/vite/dist/node/chunks/config.js:29076:14)
      at normalizeUrl (file:///C:/Users/Vikas/Downloads/CCM/frontend/node_modules/vite/dist/node/chunks/config.js:27199:18)
      at async file:///C:/Users/Vikas/Downloads/CCM/frontend/node_modules/vite/dist/node/chunks/config.js:27257:32
      at async Promise.all (index 5)
      at async TransformPluginContext.transform (file:///C:/Users/Vikas/Downloads/CCM/frontend/node_modules/vite/dist/node/chunks/config.js:27225:4)
      at async EnvironmentPluginContainer.transform (file:///C:/Users/Vikas/Downloads/CCM/frontend/node_modules/vite/dist/node/chunks/config.js:28877:14)
      at async loadAndTransform (file:///C:/Users/Vikas/Downloads/CCM/frontend/node_modules/vite/dist/node/chunks/config.js:22746:26)
      at async viteTransformMiddleware (file:///C:/Users/Vikas/Downloads/CCM/frontend/node_modules/vite/dist/node/chunks/config.js:24622:20)
[2m4:15:40 am[22m [31m[1m[vite][22m[39m [31mInternal server error: Failed to resolve import "@mui/icons-material/PersonOutline" from "src/authentication/login.js". Does the file exist?[39m
  Plugin: [35mvite:import-analysis[39m
  File: [36mC:/Users/Vikas/Downloads/CCM/frontend/src/authentication/login.js[39m:6:30
[33m  4  |  import { basicReduxStore } from '../reduxStore';
  5  |  import { setSession, setNewSession } from './cookie';
  6  |  import PersonOutlineIcon from '@mui/icons-material/PersonOutline';
     |                                 ^
  7  |  import LockOutlinedIcon from '@mui/icons-material/LockOutlined';
  8  |  import LoginState from './loginState';[39m
      at TransformPluginContext._formatLog (file:///C:/Users/Vikas/Downloads/CCM/frontend/node_modules/vite/dist/node/chunks/config.js:29079:43)
      at TransformPluginContext.error (file:///C:/Users/Vikas/Downloads/CCM/frontend/node_modules/vite/dist/node/chunks/config.js:29076:14)
      at normalizeUrl (file:///C:/Users/Vikas/Downloads/CCM/frontend/node_modules/vite/dist/node/chunks/config.js:27199:18)
      at async file:///C:/Users/Vikas/Downloads/CCM/frontend/node_modules/vite/dist/node/chunks/config.js:27257:32
      at async Promise.all (index 5)
      at async TransformPluginContext.transform (file:///C:/Users/Vikas/Downloads/CCM/frontend/node_modules/vite/dist/node/chunks/config.js:27225:4)
      at async EnvironmentPluginContainer.transform (file:///C:/Users/Vikas/Downloads/CCM/frontend/node_modules/vite/dist/node/chunks/config.js:28877:14)
      at async loadAndTransform (file:///C:/Users/Vikas/Downloads/CCM/frontend/node_modules/vite/dist/node/chunks/config.js:22746:26)
      at async viteTransformMiddleware (file:///C:/Users/Vikas/Downloads/CCM/frontend/node_modules/vite/dist/node/chunks/config.js:24622:20)
[33mFiles in the public directory are served at the root path.
Instead of [36m/public/img/s_logo.png[33m, use [36m/img/s_logo.png[33m.[39m
[2m4:15:53 am[22m [36m[1m[vite][22m[39m [90m[2m(client)[22m[39m [32mpage reload [39m[2msrc/master/views/project-master.js[22m
[2m4:15:53 am[22m [31m[1m[vite][22m[39m [31m[2m(client)[22m[39m Pre-transform error: Failed to resolve import "@mui/icons-material/PersonOutline" from "src/authentication/login.js". Does the file exist?
  Plugin: [35mvite:import-analysis[39m
  File: [36mC:/Users/Vikas/Downloads/CCM/frontend/src/authentication/login.js[39m:6:30
[33m  4  |  import { basicReduxStore } from '../reduxStore';
  5  |  import { setSession, setNewSession } from './cookie';
  6  |  import PersonOutlineIcon from '@mui/icons-material/PersonOutline';
     |                                 ^
  7  |  import LockOutlinedIcon from '@mui/icons-material/LockOutlined';
  8  |  import LoginState from './loginState';[39m
[2m4:15:53 am[22m [31m[1m[vite][22m[39m [31m[2m(client)[22m[39m Pre-transform error: Failed to resolve import "@mui/icons-material/PersonOutline" from "src/authentication/login.js". Does the file exist?
  Plugin: [35mvite:import-analysis[39m
  File: [36mC:/Users/Vikas/Downloads/CCM/frontend/src/authentication/login.js[39m:6:30
[33m  4  |  import { basicReduxStore } from '../reduxStore';
  5  |  import { setSession, setNewSession } from './cookie';
  6  |  import PersonOutlineIcon from '@mui/icons-material/PersonOutline';
     |                                 ^
  7  |  import LockOutlinedIcon from '@mui/icons-material/LockOutlined';
  8  |  import LoginState from './loginState';[39m
[2m4:15:54 am[22m [31m[1m[vite][22m[39m [31mInternal server error: Failed to resolve import "@mui/icons-material/PersonOutline" from "src/authentication/login.js". Does the file exist?[39m
  Plugin: [35mvite:import-analysis[39m
  File: [36mC:/Users/Vikas/Downloads/CCM/frontend/src/authentication/login.js[39m:6:30
[33m  4  |  import { basicReduxStore } from '../reduxStore';
  5  |  import { setSession, setNewSession } from './cookie';
  6  |  import PersonOutlineIcon from '@mui/icons-material/PersonOutline';
     |                                 ^
  7  |  import LockOutlinedIcon from '@mui/icons-material/LockOutlined';
  8  |  import LoginState from './loginState';[39m
      at TransformPluginContext._formatLog (file:///C:/Users/Vikas/Downloads/CCM/frontend/node_modules/vite/dist/node/chunks/config.js:29079:43)
      at TransformPluginContext.error (file:///C:/Users/Vikas/Downloads/CCM/frontend/node_modules/vite/dist/node/chunks/config.js:29076:14)
      at normalizeUrl (file:///C:/Users/Vikas/Downloads/CCM/frontend/node_modules/vite/dist/node/chunks/config.js:27199:18)
      at async file:///C:/Users/Vikas/Downloads/CCM/frontend/node_modules/vite/dist/node/chunks/config.js:27257:32
      at async Promise.all (index 5)
      at async TransformPluginContext.transform (file:///C:/Users/Vikas/Downloads/CCM/frontend/node_modules/vite/dist/node/chunks/config.js:27225:4)
      at async EnvironmentPluginContainer.transform (file:///C:/Users/Vikas/Downloads/CCM/frontend/node_modules/vite/dist/node/chunks/config.js:28877:14)
      at async loadAndTransform (file:///C:/Users/Vikas/Downloads/CCM/frontend/node_modules/vite/dist/node/chunks/config.js:22746:26)
      at async viteTransformMiddleware (file:///C:/Users/Vikas/Downloads/CCM/frontend/node_modules/vite/dist/node/chunks/config.js:24622:20)
[2m4:15:54 am[22m [31m[1m[vite][22m[39m [31mInternal server error: Failed to resolve import "@mui/icons-material/PersonOutline" from "src/authentication/login.js". Does the file exist?[39m
  Plugin: [35mvite:import-analysis[39m
  File: [36mC:/Users/Vikas/Downloads/CCM/frontend/src/authentication/login.js[39m:6:30
[33m  4  |  import { basicReduxStore } from '../reduxStore';
  5  |  import { setSession, setNewSession } from './cookie';
  6  |  import PersonOutlineIcon from '@mui/icons-material/PersonOutline';
     |                                 ^
  7  |  import LockOutlinedIcon from '@mui/icons-material/LockOutlined';
  8  |  import LoginState from './loginState';[39m
      at TransformPluginContext._formatLog (file:///C:/Users/Vikas/Downloads/CCM/frontend/node_modules/vite/dist/node/chunks/config.js:29079:43)
      at TransformPluginContext.error (file:///C:/Users/Vikas/Downloads/CCM/frontend/node_modules/vite/dist/node/chunks/config.js:29076:14)
      at normalizeUrl (file:///C:/Users/Vikas/Downloads/CCM/frontend/node_modules/vite/dist/node/chunks/config.js:27199:18)
      at async file:///C:/Users/Vikas/Downloads/CCM/frontend/node_modules/vite/dist/node/chunks/config.js:27257:32
      at async Promise.all (index 5)
      at async TransformPluginContext.transform (file:///C:/Users/Vikas/Downloads/CCM/frontend/node_modules/vite/dist/node/chunks/config.js:27225:4)
      at async EnvironmentPluginContainer.transform (file:///C:/Users/Vikas/Downloads/CCM/frontend/node_modules/vite/dist/node/chunks/config.js:28877:14)
      at async loadAndTransform (file:///C:/Users/Vikas/Downloads/CCM/frontend/node_modules/vite/dist/node/chunks/config.js:22746:26)
      at async viteTransformMiddleware (file:///C:/Users/Vikas/Downloads/CCM/frontend/node_modules/vite/dist/node/chunks/config.js:24622:20)
[33mFiles in the public directory are served at the root path.
Instead of [36m/public/img/s_logo.png[33m, use [36m/img/s_logo.png[33m.[39m
[2m4:16:05 am[22m [36m[1m[vite][22m[39m [90m[2m(client)[22m[39m [32mpage reload [39m[2msrc/master/views/project-master.js[22m
[2m4:16:06 am[22m [31m[1m[vite][22m[39m [31m[2m(client)[22m[39m Pre-transform error: Failed to resolve import "@mui/icons-material/PersonOutline" from "src/authentication/login.js". Does the file exist?
  Plugin: [35mvite:import-analysis[39m
  File: [36mC:/Users/Vikas/Downloads/CCM/frontend/src/authentication/login.js[39m:6:30
[33m  4  |  import { basicReduxStore } from '../reduxStore';
  5  |  import { setSession, setNewSession } from './cookie';
  6  |  import PersonOutlineIcon from '@mui/icons-material/PersonOutline';
     |                                 ^
  7  |  import LockOutlinedIcon from '@mui/icons-material/LockOutlined';
  8  |  import LoginState from './loginState';[39m
[2m4:16:06 am[22m [31m[1m[vite][22m[39m [31m[2m(client)[22m[39m Pre-transform error: Failed to resolve import "@mui/icons-material/PersonOutline" from "src/authentication/login.js". Does the file exist?
  Plugin: [35mvite:import-analysis[39m
  File: [36mC:/Users/Vikas/Downloads/CCM/frontend/src/authentication/login.js[39m:6:30
[33m  4  |  import { basicReduxStore } from '../reduxStore';
  5  |  import { setSession, setNewSession } from './cookie';
  6  |  import PersonOutlineIcon from '@mui/icons-material/PersonOutline';
     |                                 ^
  7  |  import LockOutlinedIcon from '@mui/icons-material/LockOutlined';
  8  |  import LoginState from './loginState';[39m
[2m4:16:06 am[22m [31m[1m[vite][22m[39m [31mInternal server error: Failed to resolve import "@mui/icons-material/PersonOutline" from "src/authentication/login.js". Does the file exist?[39m
  Plugin: [35mvite:import-analysis[39m
  File: [36mC:/Users/Vikas/Downloads/CCM/frontend/src/authentication/login.js[39m:6:30
[33m  4  |  import { basicReduxStore } from '../reduxStore';
  5  |  import { setSession, setNewSession } from './cookie';
  6  |  import PersonOutlineIcon from '@mui/icons-material/PersonOutline';
     |                                 ^
  7  |  import LockOutlinedIcon from '@mui/icons-material/LockOutlined';
  8  |  import LoginState from './loginState';[39m
      at TransformPluginContext._formatLog (file:///C:/Users/Vikas/Downloads/CCM/frontend/node_modules/vite/dist/node/chunks/config.js:29079:43)
      at TransformPluginContext.error (file:///C:/Users/Vikas/Downloads/CCM/frontend/node_modules/vite/dist/node/chunks/config.js:29076:14)
      at normalizeUrl (file:///C:/Users/Vikas/Downloads/CCM/frontend/node_modules/vite/dist/node/chunks/config.js:27199:18)
      at async file:///C:/Users/Vikas/Downloads/CCM/frontend/node_modules/vite/dist/node/chunks/config.js:27257:32
      at async Promise.all (index 5)
      at async TransformPluginContext.transform (file:///C:/Users/Vikas/Downloads/CCM/frontend/node_modules/vite/dist/node/chunks/config.js:27225:4)
      at async EnvironmentPluginContainer.transform (file:///C:/Users/Vikas/Downloads/CCM/frontend/node_modules/vite/dist/node/chunks/config.js:28877:14)
      at async loadAndTransform (file:///C:/Users/Vikas/Downloads/CCM/frontend/node_modules/vite/dist/node/chunks/config.js:22746:26)
      at async viteTransformMiddleware (file:///C:/Users/Vikas/Downloads/CCM/frontend/node_modules/vite/dist/node/chunks/config.js:24622:20)
[2m4:16:06 am[22m [31m[1m[vite][22m[39m [31mInternal server error: Failed to resolve import "@mui/icons-material/PersonOutline" from "src/authentication/login.js". Does the file exist?[39m
  Plugin: [35mvite:import-analysis[39m
  File: [36mC:/Users/Vikas/Downloads/CCM/frontend/src/authentication/login.js[39m:6:30
[33m  4  |  import { basicReduxStore } from '../reduxStore';
  5  |  import { setSession, setNewSession } from './cookie';
  6  |  import PersonOutlineIcon from '@mui/icons-material/PersonOutline';
     |                                 ^
  7  |  import LockOutlinedIcon from '@mui/icons-material/LockOutlined';
  8  |  import LoginState from './loginState';[39m
      at TransformPluginContext._formatLog (file:///C:/Users/Vikas/Downloads/CCM/frontend/node_modules/vite/dist/node/chunks/config.js:29079:43)
      at TransformPluginContext.error (file:///C:/Users/Vikas/Downloads/CCM/frontend/node_modules/vite/dist/node/chunks/config.js:29076:14)
      at normalizeUrl (file:///C:/Users/Vikas/Downloads/CCM/frontend/node_modules/vite/dist/node/chunks/config.js:27199:18)
      at async file:///C:/Users/Vikas/Downloads/CCM/frontend/node_modules/vite/dist/node/chunks/config.js:27257:32
      at async Promise.all (index 5)
      at async TransformPluginContext.transform (file:///C:/Users/Vikas/Downloads/CCM/frontend/node_modules/vite/dist/node/chunks/config.js:27225:4)
      at async EnvironmentPluginContainer.transform (file:///C:/Users/Vikas/Downloads/CCM/frontend/node_modules/vite/dist/node/chunks/config.js:28877:14)
      at async loadAndTransform (file:///C:/Users/Vikas/Downloads/CCM/frontend/node_modules/vite/dist/node/chunks/config.js:22746:26)
      at async viteTransformMiddleware (file:///C:/Users/Vikas/Downloads/CCM/frontend/node_modules/vite/dist/node/chunks/config.js:24622:20)
[33mFiles in the public directory are served at the root path.
Instead of [36m/public/img/s_logo.png[33m, use [36m/img/s_logo.png[33m.[39m
[2m4:16:19 am[22m [36m[1m[vite][22m[39m [90m[2m(client)[22m[39m [32mpage reload [39m[2msrc/master/views/project-master.js[22m
[2m4:16:19 am[22m [31m[1m[vite][22m[39m [31m[2m(client)[22m[39m Pre-transform error: Failed to resolve import "@mui/icons-material/PersonOutline" from "src/authentication/login.js". Does the file exist?
  Plugin: [35mvite:import-analysis[39m
  File: [36mC:/Users/Vikas/Downloads/CCM/frontend/src/authentication/login.js[39m:6:30
[33m  4  |  import { basicReduxStore } from '../reduxStore';
  5  |  import { setSession, setNewSession } from './cookie';
  6  |  import PersonOutlineIcon from '@mui/icons-material/PersonOutline';
     |                                 ^
  7  |  import LockOutlinedIcon from '@mui/icons-material/LockOutlined';
  8  |  import LoginState from './loginState';[39m
[2m4:16:19 am[22m [31m[1m[vite][22m[39m [31m[2m(client)[22m[39m Pre-transform error: Failed to resolve import "@mui/icons-material/PersonOutline" from "src/authentication/login.js". Does the file exist?
  Plugin: [35mvite:import-analysis[39m
  File: [36mC:/Users/Vikas/Downloads/CCM/frontend/src/authentication/login.js[39m:6:30
[33m  4  |  import { basicReduxStore } from '../reduxStore';
  5  |  import { setSession, setNewSession } from './cookie';
  6  |  import PersonOutlineIcon from '@mui/icons-material/PersonOutline';
     |                                 ^
  7  |  import LockOutlinedIcon from '@mui/icons-material/LockOutlined';
  8  |  import LoginState from './loginState';[39m
[2m4:16:20 am[22m [31m[1m[vite][22m[39m [31mInternal server error: Failed to resolve import "@mui/icons-material/PersonOutline" from "src/authentication/login.js". Does the file exist?[39m
  Plugin: [35mvite:import-analysis[39m
  File: [36mC:/Users/Vikas/Downloads/CCM/frontend/src/authentication/login.js[39m:6:30
[33m  4  |  import { basicReduxStore } from '../reduxStore';
  5  |  import { setSession, setNewSession } from './cookie';
  6  |  import PersonOutlineIcon from '@mui/icons-material/PersonOutline';
     |                                 ^
  7  |  import LockOutlinedIcon from '@mui/icons-material/LockOutlined';
  8  |  import LoginState from './loginState';[39m
      at TransformPluginContext._formatLog (file:///C:/Users/Vikas/Downloads/CCM/frontend/node_modules/vite/dist/node/chunks/config.js:29079:43)
      at TransformPluginContext.error (file:///C:/Users/Vikas/Downloads/CCM/frontend/node_modules/vite/dist/node/chunks/config.js:29076:14)
      at normalizeUrl (file:///C:/Users/Vikas/Downloads/CCM/frontend/node_modules/vite/dist/node/chunks/config.js:27199:18)
      at async file:///C:/Users/Vikas/Downloads/CCM/frontend/node_modules/vite/dist/node/chunks/config.js:27257:32
      at async Promise.all (index 5)
      at async TransformPluginContext.transform (file:///C:/Users/Vikas/Downloads/CCM/frontend/node_modules/vite/dist/node/chunks/config.js:27225:4)
      at async EnvironmentPluginContainer.transform (file:///C:/Users/Vikas/Downloads/CCM/frontend/node_modules/vite/dist/node/chunks/config.js:28877:14)
      at async loadAndTransform (file:///C:/Users/Vikas/Downloads/CCM/frontend/node_modules/vite/dist/node/chunks/config.js:22746:26)
      at async viteTransformMiddleware (file:///C:/Users/Vikas/Downloads/CCM/frontend/node_modules/vite/dist/node/chunks/config.js:24622:20)
[2m4:16:20 am[22m [31m[1m[vite][22m[39m [31mInternal server error: Failed to resolve import "@mui/icons-material/PersonOutline" from "src/authentication/login.js". Does the file exist?[39m
  Plugin: [35mvite:import-analysis[39m
  File: [36mC:/Users/Vikas/Downloads/CCM/frontend/src/authentication/login.js[39m:6:30
[33m  4  |  import { basicReduxStore } from '../reduxStore';
  5  |  import { setSession, setNewSession } from './cookie';
  6  |  import PersonOutlineIcon from '@mui/icons-material/PersonOutline';
     |                                 ^
  7  |  import LockOutlinedIcon from '@mui/icons-material/LockOutlined';
  8  |  import LoginState from './loginState';[39m
      at TransformPluginContext._formatLog (file:///C:/Users/Vikas/Downloads/CCM/frontend/node_modules/vite/dist/node/chunks/config.js:29079:43)
      at TransformPluginContext.error (file:///C:/Users/Vikas/Downloads/CCM/frontend/node_modules/vite/dist/node/chunks/config.js:29076:14)
      at normalizeUrl (file:///C:/Users/Vikas/Downloads/CCM/frontend/node_modules/vite/dist/node/chunks/config.js:27199:18)
      at async file:///C:/Users/Vikas/Downloads/CCM/frontend/node_modules/vite/dist/node/chunks/config.js:27257:32
      at async Promise.all (index 5)
      at async TransformPluginContext.transform (file:///C:/Users/Vikas/Downloads/CCM/frontend/node_modules/vite/dist/node/chunks/config.js:27225:4)
      at async EnvironmentPluginContainer.transform (file:///C:/Users/Vikas/Downloads/CCM/frontend/node_modules/vite/dist/node/chunks/config.js:28877:14)
      at async loadAndTransform (file:///C:/Users/Vikas/Downloads/CCM/frontend/node_modules/vite/dist/node/chunks/config.js:22746:26)
      at async viteTransformMiddleware (file:///C:/Users/Vikas/Downloads/CCM/frontend/node_modules/vite/dist/node/chunks/config.js:24622:20)
[33mFiles in the public directory are served at the root path.
Instead of [36m/public/img/s_logo.png[33m, use [36m/img/s_logo.png[33m.[39m
[2m4:17:06 am[22m [36m[1m[vite][22m[39m [90m[2m(client)[22m[39m [32mpage reload [39m[2msrc/master/views/project-master.js[22m
[2m4:17:07 am[22m [31m[1m[vite][22m[39m [31m[2m(client)[22m[39m Pre-transform error: Failed to resolve import "@mui/icons-material/PersonOutline" from "src/authentication/login.js". Does the file exist?
  Plugin: [35mvite:import-analysis[39m
  File: [36mC:/Users/Vikas/Downloads/CCM/frontend/src/authentication/login.js[39m:6:30
[33m  4  |  import { basicReduxStore } from '../reduxStore';
  5  |  import { setSession, setNewSession } from './cookie';
  6  |  import PersonOutlineIcon from '@mui/icons-material/PersonOutline';
     |                                 ^
  7  |  import LockOutlinedIcon from '@mui/icons-material/LockOutlined';
  8  |  import LoginState from './loginState';[39m
[2m4:17:07 am[22m [31m[1m[vite][22m[39m [31m[2m(client)[22m[39m Pre-transform error: Failed to resolve import "@mui/icons-material/PersonOutline" from "src/authentication/login.js". Does the file exist?
  Plugin: [35mvite:import-analysis[39m
  File: [36mC:/Users/Vikas/Downloads/CCM/frontend/src/authentication/login.js[39m:6:30
[33m  4  |  import { basicReduxStore } from '../reduxStore';
  5  |  import { setSession, setNewSession } from './cookie';
  6  |  import PersonOutlineIcon from '@mui/icons-material/PersonOutline';
     |                                 ^
  7  |  import LockOutlinedIcon from '@mui/icons-material/LockOutlined';
  8  |  import LoginState from './loginState';[39m
[2m4:17:07 am[22m [31m[1m[vite][22m[39m [31mInternal server error: Failed to resolve import "@mui/icons-material/PersonOutline" from "src/authentication/login.js". Does the file exist?[39m
  Plugin: [35mvite:import-analysis[39m
  File: [36mC:/Users/Vikas/Downloads/CCM/frontend/src/authentication/login.js[39m:6:30
[33m  4  |  import { basicReduxStore } from '../reduxStore';
  5  |  import { setSession, setNewSession } from './cookie';
  6  |  import PersonOutlineIcon from '@mui/icons-material/PersonOutline';
     |                                 ^
  7  |  import LockOutlinedIcon from '@mui/icons-material/LockOutlined';
  8  |  import LoginState from './loginState';[39m
      at TransformPluginContext._formatLog (file:///C:/Users/Vikas/Downloads/CCM/frontend/node_modules/vite/dist/node/chunks/config.js:29079:43)
      at TransformPluginContext.error (file:///C:/Users/Vikas/Downloads/CCM/frontend/node_modules/vite/dist/node/chunks/config.js:29076:14)
      at normalizeUrl (file:///C:/Users/Vikas/Downloads/CCM/frontend/node_modules/vite/dist/node/chunks/config.js:27199:18)
      at async file:///C:/Users/Vikas/Downloads/CCM/frontend/node_modules/vite/dist/node/chunks/config.js:27257:32
      at async Promise.all (index 5)
      at async TransformPluginContext.transform (file:///C:/Users/Vikas/Downloads/CCM/frontend/node_modules/vite/dist/node/chunks/config.js:27225:4)
      at async EnvironmentPluginContainer.transform (file:///C:/Users/Vikas/Downloads/CCM/frontend/node_modules/vite/dist/node/chunks/config.js:28877:14)
      at async loadAndTransform (file:///C:/Users/Vikas/Downloads/CCM/frontend/node_modules/vite/dist/node/chunks/config.js:22746:26)
      at async viteTransformMiddleware (file:///C:/Users/Vikas/Downloads/CCM/frontend/node_modules/vite/dist/node/chunks/config.js:24622:20)
[2m4:17:07 am[22m [31m[1m[vite][22m[39m [31mInternal server error: Failed to resolve import "@mui/icons-material/PersonOutline" from "src/authentication/login.js". Does the file exist?[39m
  Plugin: [35mvite:import-analysis[39m
  File: [36mC:/Users/Vikas/Downloads/CCM/frontend/src/authentication/login.js[39m:6:30
[33m  4  |  import { basicReduxStore } from '../reduxStore';
  5  |  import { setSession, setNewSession } from './cookie';
  6  |  import PersonOutlineIcon from '@mui/icons-material/PersonOutline';
     |                                 ^
  7  |  import LockOutlinedIcon from '@mui/icons-material/LockOutlined';
  8  |  import LoginState from './loginState';[39m
      at TransformPluginContext._formatLog (file:///C:/Users/Vikas/Downloads/CCM/frontend/node_modules/vite/dist/node/chunks/config.js:29079:43)
      at TransformPluginContext.error (file:///C:/Users/Vikas/Downloads/CCM/frontend/node_modules/vite/dist/node/chunks/config.js:29076:14)
      at normalizeUrl (file:///C:/Users/Vikas/Downloads/CCM/frontend/node_modules/vite/dist/node/chunks/config.js:27199:18)
      at async file:///C:/Users/Vikas/Downloads/CCM/frontend/node_modules/vite/dist/node/chunks/config.js:27257:32
      at async Promise.all (index 5)
      at async TransformPluginContext.transform (file:///C:/Users/Vikas/Downloads/CCM/frontend/node_modules/vite/dist/node/chunks/config.js:27225:4)
      at async EnvironmentPluginContainer.transform (file:///C:/Users/Vikas/Downloads/CCM/frontend/node_modules/vite/dist/node/chunks/config.js:28877:14)
      at async loadAndTransform (file:///C:/Users/Vikas/Downloads/CCM/frontend/node_modules/vite/dist/node/chunks/config.js:22746:26)
      at async viteTransformMiddleware (file:///C:/Users/Vikas/Downloads/CCM/frontend/node_modules/vite/dist/node/chunks/config.js:24622:20)
[33mFiles in the public directory are served at the root path.
Instead of [36m/public/img/s_logo.png[33m, use [36m/img/s_logo.png[33m.[39m
[2m4:17:21 am[22m [36m[1m[vite][22m[39m [90m[2m(client)[22m[39m [32mpage reload [39m[2msrc/master/views/project-master.js[22m
[2m4:17:21 am[22m [31m[1m[vite][22m[39m [31m[2m(client)[22m[39m Pre-transform error: Failed to resolve import "@mui/icons-material/PersonOutline" from "src/authentication/login.js". Does the file exist?
  Plugin: [35mvite:import-analysis[39m
  File: [36mC:/Users/Vikas/Downloads/CCM/frontend/src/authentication/login.js[39m:6:30
[33m  4  |  import { basicReduxStore } from '../reduxStore';
  5  |  import { setSession, setNewSession } from './cookie';
  6  |  import PersonOutlineIcon from '@mui/icons-material/PersonOutline';
     |                                 ^
  7  |  import LockOutlinedIcon from '@mui/icons-material/LockOutlined';
  8  |  import LoginState from './loginState';[39m
[2m4:17:21 am[22m [31m[1m[vite][22m[39m [31m[2m(client)[22m[39m Pre-transform error: Failed to resolve import "@mui/icons-material/PersonOutline" from "src/authentication/login.js". Does the file exist?
  Plugin: [35mvite:import-analysis[39m
  File: [36mC:/Users/Vikas/Downloads/CCM/frontend/src/authentication/login.js[39m:6:30
[33m  4  |  import { basicReduxStore } from '../reduxStore';
  5  |  import { setSession, setNewSession } from './cookie';
  6  |  import PersonOutlineIcon from '@mui/icons-material/PersonOutline';
     |                                 ^
  7  |  import LockOutlinedIcon from '@mui/icons-material/LockOutlined';
  8  |  import LoginState from './loginState';[39m
[2m4:17:21 am[22m [31m[1m[vite][22m[39m [31mInternal server error: Failed to resolve import "@mui/icons-material/PersonOutline" from "src/authentication/login.js". Does the file exist?[39m
  Plugin: [35mvite:import-analysis[39m
  File: [36mC:/Users/Vikas/Downloads/CCM/frontend/src/authentication/login.js[39m:6:30
[33m  4  |  import { basicReduxStore } from '../reduxStore';
  5  |  import { setSession, setNewSession } from './cookie';
  6  |  import PersonOutlineIcon from '@mui/icons-material/PersonOutline';
     |                                 ^
  7  |  import LockOutlinedIcon from '@mui/icons-material/LockOutlined';
  8  |  import LoginState from './loginState';[39m
      at TransformPluginContext._formatLog (file:///C:/Users/Vikas/Downloads/CCM/frontend/node_modules/vite/dist/node/chunks/config.js:29079:43)
      at TransformPluginContext.error (file:///C:/Users/Vikas/Downloads/CCM/frontend/node_modules/vite/dist/node/chunks/config.js:29076:14)
      at normalizeUrl (file:///C:/Users/Vikas/Downloads/CCM/frontend/node_modules/vite/dist/node/chunks/config.js:27199:18)
      at async file:///C:/Users/Vikas/Downloads/CCM/frontend/node_modules/vite/dist/node/chunks/config.js:27257:32
      at async Promise.all (index 5)
      at async TransformPluginContext.transform (file:///C:/Users/Vikas/Downloads/CCM/frontend/node_modules/vite/dist/node/chunks/config.js:27225:4)
      at async EnvironmentPluginContainer.transform (file:///C:/Users/Vikas/Downloads/CCM/frontend/node_modules/vite/dist/node/chunks/config.js:28877:14)
      at async loadAndTransform (file:///C:/Users/Vikas/Downloads/CCM/frontend/node_modules/vite/dist/node/chunks/config.js:22746:26)
      at async viteTransformMiddleware (file:///C:/Users/Vikas/Downloads/CCM/frontend/node_modules/vite/dist/node/chunks/config.js:24622:20)
[2m4:17:22 am[22m [31m[1m[vite][22m[39m [31mInternal server error: Failed to resolve import "@mui/icons-material/PersonOutline" from "src/authentication/login.js". Does the file exist?[39m
  Plugin: [35mvite:import-analysis[39m
  File: [36mC:/Users/Vikas/Downloads/CCM/frontend/src/authentication/login.js[39m:6:30
[33m  4  |  import { basicReduxStore } from '../reduxStore';
  5  |  import { setSession, setNewSession } from './cookie';
  6  |  import PersonOutlineIcon from '@mui/icons-material/PersonOutline';
     |                                 ^
  7  |  import LockOutlinedIcon from '@mui/icons-material/LockOutlined';
  8  |  import LoginState from './loginState';[39m
      at TransformPluginContext._formatLog (file:///C:/Users/Vikas/Downloads/CCM/frontend/node_modules/vite/dist/node/chunks/config.js:29079:43)
      at TransformPluginContext.error (file:///C:/Users/Vikas/Downloads/CCM/frontend/node_modules/vite/dist/node/chunks/config.js:29076:14)
      at normalizeUrl (file:///C:/Users/Vikas/Downloads/CCM/frontend/node_modules/vite/dist/node/chunks/config.js:27199:18)
      at async file:///C:/Users/Vikas/Downloads/CCM/frontend/node_modules/vite/dist/node/chunks/config.js:27257:32
      at async Promise.all (index 5)
      at async TransformPluginContext.transform (file:///C:/Users/Vikas/Downloads/CCM/frontend/node_modules/vite/dist/node/chunks/config.js:27225:4)
      at async EnvironmentPluginContainer.transform (file:///C:/Users/Vikas/Downloads/CCM/frontend/node_modules/vite/dist/node/chunks/config.js:28877:14)
      at async loadAndTransform (file:///C:/Users/Vikas/Downloads/CCM/frontend/node_modules/vite/dist/node/chunks/config.js:22746:26)
      at async viteTransformMiddleware (file:///C:/Users/Vikas/Downloads/CCM/frontend/node_modules/vite/dist/node/chunks/config.js:24622:20)
[33mFiles in the public directory are served at the root path.
Instead of [36m/public/img/s_logo.png[33m, use [36m/img/s_logo.png[33m.[39m
[2m4:17:37 am[22m [36m[1m[vite][22m[39m [90m[2m(client)[22m[39m [32mpage reload [39m[2msrc/master/views/project-master.js[22m
[2m4:17:37 am[22m [31m[1m[vite][22m[39m [31m[2m(client)[22m[39m Pre-transform error: Failed to resolve import "@mui/icons-material/PersonOutline" from "src/authentication/login.js". Does the file exist?
  Plugin: [35mvite:import-analysis[39m
  File: [36mC:/Users/Vikas/Downloads/CCM/frontend/src/authentication/login.js[39m:6:30
[33m  4  |  import { basicReduxStore } from '../reduxStore';
  5  |  import { setSession, setNewSession } from './cookie';
  6  |  import PersonOutlineIcon from '@mui/icons-material/PersonOutline';
     |                                 ^
  7  |  import LockOutlinedIcon from '@mui/icons-material/LockOutlined';
  8  |  import LoginState from './loginState';[39m
[2m4:17:37 am[22m [31m[1m[vite][22m[39m [31m[2m(client)[22m[39m Pre-transform error: Failed to resolve import "@mui/icons-material/PersonOutline" from "src/authentication/login.js". Does the file exist?
  Plugin: [35mvite:import-analysis[39m
  File: [36mC:/Users/Vikas/Downloads/CCM/frontend/src/authentication/login.js[39m:6:30
[33m  4  |  import { basicReduxStore } from '../reduxStore';
  5  |  import { setSession, setNewSession } from './cookie';
  6  |  import PersonOutlineIcon from '@mui/icons-material/PersonOutline';
     |                                 ^
  7  |  import LockOutlinedIcon from '@mui/icons-material/LockOutlined';
  8  |  import LoginState from './loginState';[39m
[2m4:17:37 am[22m [31m[1m[vite][22m[39m [31mInternal server error: Failed to resolve import "@mui/icons-material/PersonOutline" from "src/authentication/login.js". Does the file exist?[39m
  Plugin: [35mvite:import-analysis[39m
  File: [36mC:/Users/Vikas/Downloads/CCM/frontend/src/authentication/login.js[39m:6:30
[33m  4  |  import { basicReduxStore } from '../reduxStore';
  5  |  import { setSession, setNewSession } from './cookie';
  6  |  import PersonOutlineIcon from '@mui/icons-material/PersonOutline';
     |                                 ^
  7  |  import LockOutlinedIcon from '@mui/icons-material/LockOutlined';
  8  |  import LoginState from './loginState';[39m
      at TransformPluginContext._formatLog (file:///C:/Users/Vikas/Downloads/CCM/frontend/node_modules/vite/dist/node/chunks/config.js:29079:43)
      at TransformPluginContext.error (file:///C:/Users/Vikas/Downloads/CCM/frontend/node_modules/vite/dist/node/chunks/config.js:29076:14)
      at normalizeUrl (file:///C:/Users/Vikas/Downloads/CCM/frontend/node_modules/vite/dist/node/chunks/config.js:27199:18)
      at async file:///C:/Users/Vikas/Downloads/CCM/frontend/node_modules/vite/dist/node/chunks/config.js:27257:32
      at async Promise.all (index 5)
      at async TransformPluginContext.transform (file:///C:/Users/Vikas/Downloads/CCM/frontend/node_modules/vite/dist/node/chunks/config.js:27225:4)
      at async EnvironmentPluginContainer.transform (file:///C:/Users/Vikas/Downloads/CCM/frontend/node_modules/vite/dist/node/chunks/config.js:28877:14)
      at async loadAndTransform (file:///C:/Users/Vikas/Downloads/CCM/frontend/node_modules/vite/dist/node/chunks/config.js:22746:26)
      at async viteTransformMiddleware (file:///C:/Users/Vikas/Downloads/CCM/frontend/node_modules/vite/dist/node/chunks/config.js:24622:20)
[2m4:17:38 am[22m [31m[1m[vite][22m[39m [31mInternal server error: Failed to resolve import "@mui/icons-material/PersonOutline" from "src/authentication/login.js". Does the file exist?[39m
  Plugin: [35mvite:import-analysis[39m
  File: [36mC:/Users/Vikas/Downloads/CCM/frontend/src/authentication/login.js[39m:6:30
[33m  4  |  import { basicReduxStore } from '../reduxStore';
  5  |  import { setSession, setNewSession } from './cookie';
  6  |  import PersonOutlineIcon from '@mui/icons-material/PersonOutline';
     |                                 ^
  7  |  import LockOutlinedIcon from '@mui/icons-material/LockOutlined';
  8  |  import LoginState from './loginState';[39m
      at TransformPluginContext._formatLog (file:///C:/Users/Vikas/Downloads/CCM/frontend/node_modules/vite/dist/node/chunks/config.js:29079:43)
      at TransformPluginContext.error (file:///C:/Users/Vikas/Downloads/CCM/frontend/node_modules/vite/dist/node/chunks/config.js:29076:14)
      at normalizeUrl (file:///C:/Users/Vikas/Downloads/CCM/frontend/node_modules/vite/dist/node/chunks/config.js:27199:18)
      at async file:///C:/Users/Vikas/Downloads/CCM/frontend/node_modules/vite/dist/node/chunks/config.js:27257:32
      at async Promise.all (index 5)
      at async TransformPluginContext.transform (file:///C:/Users/Vikas/Downloads/CCM/frontend/node_modules/vite/dist/node/chunks/config.js:27225:4)
      at async EnvironmentPluginContainer.transform (file:///C:/Users/Vikas/Downloads/CCM/frontend/node_modules/vite/dist/node/chunks/config.js:28877:14)
      at async loadAndTransform (file:///C:/Users/Vikas/Downloads/CCM/frontend/node_modules/vite/dist/node/chunks/config.js:22746:26)
      at async viteTransformMiddleware (file:///C:/Users/Vikas/Downloads/CCM/frontend/node_modules/vite/dist/node/chunks/config.js:24622:20)
[33mFiles in the public directory are served at the root path.
Instead of [36m/public/img/s_logo.png[33m, use [36m/img/s_logo.png[33m.[39m
[2m4:19:17 am[22m [36m[1m[vite][22m[39m [90m[2m(client)[22m[39m [32mpage reload [39m[2msrc/master/views/monthly-breakup-master.js[22m
[2m4:19:17 am[22m [31m[1m[vite][22m[39m [31m[2m(client)[22m[39m Pre-transform error: Failed to resolve import "@mui/icons-material/PersonOutline" from "src/authentication/login.js". Does the file exist?
  Plugin: [35mvite:import-analysis[39m
  File: [36mC:/Users/Vikas/Downloads/CCM/frontend/src/authentication/login.js[39m:6:30
[33m  4  |  import { basicReduxStore } from '../reduxStore';
  5  |  import { setSession, setNewSession } from './cookie';
  6  |  import PersonOutlineIcon from '@mui/icons-material/PersonOutline';
     |                                 ^
  7  |  import LockOutlinedIcon from '@mui/icons-material/LockOutlined';
  8  |  import LoginState from './loginState';[39m
[2m4:19:17 am[22m [31m[1m[vite][22m[39m [31m[2m(client)[22m[39m Pre-transform error: Failed to resolve import "@mui/icons-material/PersonOutline" from "src/authentication/login.js". Does the file exist?
  Plugin: [35mvite:import-analysis[39m
  File: [36mC:/Users/Vikas/Downloads/CCM/frontend/src/authentication/login.js[39m:6:30
[33m  4  |  import { basicReduxStore } from '../reduxStore';
  5  |  import { setSession, setNewSession } from './cookie';
  6  |  import PersonOutlineIcon from '@mui/icons-material/PersonOutline';
     |                                 ^
  7  |  import LockOutlinedIcon from '@mui/icons-material/LockOutlined';
  8  |  import LoginState from './loginState';[39m
[2m4:19:17 am[22m [31m[1m[vite][22m[39m [31mInternal server error: Failed to resolve import "@mui/icons-material/PersonOutline" from "src/authentication/login.js". Does the file exist?[39m
  Plugin: [35mvite:import-analysis[39m
  File: [36mC:/Users/Vikas/Downloads/CCM/frontend/src/authentication/login.js[39m:6:30
[33m  4  |  import { basicReduxStore } from '../reduxStore';
  5  |  import { setSession, setNewSession } from './cookie';
  6  |  import PersonOutlineIcon from '@mui/icons-material/PersonOutline';
     |                                 ^
  7  |  import LockOutlinedIcon from '@mui/icons-material/LockOutlined';
  8  |  import LoginState from './loginState';[39m
      at TransformPluginContext._formatLog (file:///C:/Users/Vikas/Downloads/CCM/frontend/node_modules/vite/dist/node/chunks/config.js:29079:43)
      at TransformPluginContext.error (file:///C:/Users/Vikas/Downloads/CCM/frontend/node_modules/vite/dist/node/chunks/config.js:29076:14)
      at normalizeUrl (file:///C:/Users/Vikas/Downloads/CCM/frontend/node_modules/vite/dist/node/chunks/config.js:27199:18)
      at async file:///C:/Users/Vikas/Downloads/CCM/frontend/node_modules/vite/dist/node/chunks/config.js:27257:32
      at async Promise.all (index 5)
      at async TransformPluginContext.transform (file:///C:/Users/Vikas/Downloads/CCM/frontend/node_modules/vite/dist/node/chunks/config.js:27225:4)
      at async EnvironmentPluginContainer.transform (file:///C:/Users/Vikas/Downloads/CCM/frontend/node_modules/vite/dist/node/chunks/config.js:28877:14)
      at async loadAndTransform (file:///C:/Users/Vikas/Downloads/CCM/frontend/node_modules/vite/dist/node/chunks/config.js:22746:26)
      at async viteTransformMiddleware (file:///C:/Users/Vikas/Downloads/CCM/frontend/node_modules/vite/dist/node/chunks/config.js:24622:20)
[2m4:19:18 am[22m [31m[1m[vite][22m[39m [31mInternal server error: Failed to resolve import "@mui/icons-material/PersonOutline" from "src/authentication/login.js". Does the file exist?[39m
  Plugin: [35mvite:import-analysis[39m
  File: [36mC:/Users/Vikas/Downloads/CCM/frontend/src/authentication/login.js[39m:6:30
[33m  4  |  import { basicReduxStore } from '../reduxStore';
  5  |  import { setSession, setNewSession } from './cookie';
  6  |  import PersonOutlineIcon from '@mui/icons-material/PersonOutline';
     |                                 ^
  7  |  import LockOutlinedIcon from '@mui/icons-material/LockOutlined';
  8  |  import LoginState from './loginState';[39m
      at TransformPluginContext._formatLog (file:///C:/Users/Vikas/Downloads/CCM/frontend/node_modules/vite/dist/node/chunks/config.js:29079:43)
      at TransformPluginContext.error (file:///C:/Users/Vikas/Downloads/CCM/frontend/node_modules/vite/dist/node/chunks/config.js:29076:14)
      at normalizeUrl (file:///C:/Users/Vikas/Downloads/CCM/frontend/node_modules/vite/dist/node/chunks/config.js:27199:18)
      at async file:///C:/Users/Vikas/Downloads/CCM/frontend/node_modules/vite/dist/node/chunks/config.js:27257:32
      at async Promise.all (index 5)
      at async TransformPluginContext.transform (file:///C:/Users/Vikas/Downloads/CCM/frontend/node_modules/vite/dist/node/chunks/config.js:27225:4)
      at async EnvironmentPluginContainer.transform (file:///C:/Users/Vikas/Downloads/CCM/frontend/node_modules/vite/dist/node/chunks/config.js:28877:14)
      at async loadAndTransform (file:///C:/Users/Vikas/Downloads/CCM/frontend/node_modules/vite/dist/node/chunks/config.js:22746:26)
      at async viteTransformMiddleware (file:///C:/Users/Vikas/Downloads/CCM/frontend/node_modules/vite/dist/node/chunks/config.js:24622:20)
[33mFiles in the public directory are served at the root path.
Instead of [36m/public/img/s_logo.png[33m, use [36m/img/s_logo.png[33m.[39m
[2m4:19:39 am[22m [36m[1m[vite][22m[39m [90m[2m(client)[22m[39m [32mpage reload [39m[2msrc/master/views/monthly-breakup-master.js[22m
[2m4:19:39 am[22m [31m[1m[vite][22m[39m [31m[2m(client)[22m[39m Pre-transform error: Failed to resolve import "@mui/icons-material/PersonOutline" from "src/authentication/login.js". Does the file exist?
  Plugin: [35mvite:import-analysis[39m
  File: [36mC:/Users/Vikas/Downloads/CCM/frontend/src/authentication/login.js[39m:6:30
[33m  4  |  import { basicReduxStore } from '../reduxStore';
  5  |  import { setSession, setNewSession } from './cookie';
  6  |  import PersonOutlineIcon from '@mui/icons-material/PersonOutline';
     |                                 ^
  7  |  import LockOutlinedIcon from '@mui/icons-material/LockOutlined';
  8  |  import LoginState from './loginState';[39m
[2m4:19:39 am[22m [31m[1m[vite][22m[39m [31m[2m(client)[22m[39m Pre-transform error: Failed to resolve import "@mui/icons-material/PersonOutline" from "src/authentication/login.js". Does the file exist?
  Plugin: [35mvite:import-analysis[39m
  File: [36mC:/Users/Vikas/Downloads/CCM/frontend/src/authentication/login.js[39m:6:30
[33m  4  |  import { basicReduxStore } from '../reduxStore';
  5  |  import { setSession, setNewSession } from './cookie';
  6  |  import PersonOutlineIcon from '@mui/icons-material/PersonOutline';
     |                                 ^
  7  |  import LockOutlinedIcon from '@mui/icons-material/LockOutlined';
  8  |  import LoginState from './loginState';[39m
[2m4:19:39 am[22m [31m[1m[vite][22m[39m [31mInternal server error: Failed to resolve import "@mui/icons-material/PersonOutline" from "src/authentication/login.js". Does the file exist?[39m
  Plugin: [35mvite:import-analysis[39m
  File: [36mC:/Users/Vikas/Downloads/CCM/frontend/src/authentication/login.js[39m:6:30
[33m  4  |  import { basicReduxStore } from '../reduxStore';
  5  |  import { setSession, setNewSession } from './cookie';
  6  |  import PersonOutlineIcon from '@mui/icons-material/PersonOutline';
     |                                 ^
  7  |  import LockOutlinedIcon from '@mui/icons-material/LockOutlined';
  8  |  import LoginState from './loginState';[39m
      at TransformPluginContext._formatLog (file:///C:/Users/Vikas/Downloads/CCM/frontend/node_modules/vite/dist/node/chunks/config.js:29079:43)
      at TransformPluginContext.error (file:///C:/Users/Vikas/Downloads/CCM/frontend/node_modules/vite/dist/node/chunks/config.js:29076:14)
      at normalizeUrl (file:///C:/Users/Vikas/Downloads/CCM/frontend/node_modules/vite/dist/node/chunks/config.js:27199:18)
      at async file:///C:/Users/Vikas/Downloads/CCM/frontend/node_modules/vite/dist/node/chunks/config.js:27257:32
      at async Promise.all (index 5)
      at async TransformPluginContext.transform (file:///C:/Users/Vikas/Downloads/CCM/frontend/node_modules/vite/dist/node/chunks/config.js:27225:4)
      at async EnvironmentPluginContainer.transform (file:///C:/Users/Vikas/Downloads/CCM/frontend/node_modules/vite/dist/node/chunks/config.js:28877:14)
      at async loadAndTransform (file:///C:/Users/Vikas/Downloads/CCM/frontend/node_modules/vite/dist/node/chunks/config.js:22746:26)
      at async viteTransformMiddleware (file:///C:/Users/Vikas/Downloads/CCM/frontend/node_modules/vite/dist/node/chunks/config.js:24622:20)
[2m4:19:39 am[22m [31m[1m[vite][22m[39m [31mInternal server error: Failed to resolve import "@mui/icons-material/PersonOutline" from "src/authentication/login.js". Does the file exist?[39m
  Plugin: [35mvite:import-analysis[39m
  File: [36mC:/Users/Vikas/Downloads/CCM/frontend/src/authentication/login.js[39m:6:30
[33m  4  |  import { basicReduxStore } from '../reduxStore';
  5  |  import { setSession, setNewSession } from './cookie';
  6  |  import PersonOutlineIcon from '@mui/icons-material/PersonOutline';
     |                                 ^
  7  |  import LockOutlinedIcon from '@mui/icons-material/LockOutlined';
  8  |  import LoginState from './loginState';[39m
      at TransformPluginContext._formatLog (file:///C:/Users/Vikas/Downloads/CCM/frontend/node_modules/vite/dist/node/chunks/config.js:29079:43)
      at TransformPluginContext.error (file:///C:/Users/Vikas/Downloads/CCM/frontend/node_modules/vite/dist/node/chunks/config.js:29076:14)
      at normalizeUrl (file:///C:/Users/Vikas/Downloads/CCM/frontend/node_modules/vite/dist/node/chunks/config.js:27199:18)
      at async file:///C:/Users/Vikas/Downloads/CCM/frontend/node_modules/vite/dist/node/chunks/config.js:27257:32
      at async Promise.all (index 5)
      at async TransformPluginContext.transform (file:///C:/Users/Vikas/Downloads/CCM/frontend/node_modules/vite/dist/node/chunks/config.js:27225:4)
      at async EnvironmentPluginContainer.transform (file:///C:/Users/Vikas/Downloads/CCM/frontend/node_modules/vite/dist/node/chunks/config.js:28877:14)
      at async loadAndTransform (file:///C:/Users/Vikas/Downloads/CCM/frontend/node_modules/vite/dist/node/chunks/config.js:22746:26)
      at async viteTransformMiddleware (file:///C:/Users/Vikas/Downloads/CCM/frontend/node_modules/vite/dist/node/chunks/config.js:24622:20)
[33mFiles in the public directory are served at the root path.
Instead of [36m/public/img/s_logo.png[33m, use [36m/img/s_logo.png[33m.[39m
[2m4:19:51 am[22m [36m[1m[vite][22m[39m [90m[2m(client)[22m[39m [32mpage reload [39m[2msrc/master/views/monthly-breakup-master.js[22m
[2m4:19:51 am[22m [31m[1m[vite][22m[39m [31m[2m(client)[22m[39m Pre-transform error: Failed to resolve import "@mui/icons-material/PersonOutline" from "src/authentication/login.js". Does the file exist?
  Plugin: [35mvite:import-analysis[39m
  File: [36mC:/Users/Vikas/Downloads/CCM/frontend/src/authentication/login.js[39m:6:30
[33m  4  |  import { basicReduxStore } from '../reduxStore';
  5  |  import { setSession, setNewSession } from './cookie';
  6  |  import PersonOutlineIcon from '@mui/icons-material/PersonOutline';
     |                                 ^
  7  |  import LockOutlinedIcon from '@mui/icons-material/LockOutlined';
  8  |  import LoginState from './loginState';[39m
[2m4:19:51 am[22m [31m[1m[vite][22m[39m [31m[2m(client)[22m[39m Pre-transform error: Failed to resolve import "@mui/icons-material/PersonOutline" from "src/authentication/login.js". Does the file exist?
  Plugin: [35mvite:import-analysis[39m
  File: [36mC:/Users/Vikas/Downloads/CCM/frontend/src/authentication/login.js[39m:6:30
[33m  4  |  import { basicReduxStore } from '../reduxStore';
  5  |  import { setSession, setNewSession } from './cookie';
  6  |  import PersonOutlineIcon from '@mui/icons-material/PersonOutline';
     |                                 ^
  7  |  import LockOutlinedIcon from '@mui/icons-material/LockOutlined';
  8  |  import LoginState from './loginState';[39m
[2m4:19:52 am[22m [31m[1m[vite][22m[39m [31mInternal server error: Failed to resolve import "@mui/icons-material/PersonOutline" from "src/authentication/login.js". Does the file exist?[39m
  Plugin: [35mvite:import-analysis[39m
  File: [36mC:/Users/Vikas/Downloads/CCM/frontend/src/authentication/login.js[39m:6:30
[33m  4  |  import { basicReduxStore } from '../reduxStore';
  5  |  import { setSession, setNewSession } from './cookie';
  6  |  import PersonOutlineIcon from '@mui/icons-material/PersonOutline';
     |                                 ^
  7  |  import LockOutlinedIcon from '@mui/icons-material/LockOutlined';
  8  |  import LoginState from './loginState';[39m
      at TransformPluginContext._formatLog (file:///C:/Users/Vikas/Downloads/CCM/frontend/node_modules/vite/dist/node/chunks/config.js:29079:43)
      at TransformPluginContext.error (file:///C:/Users/Vikas/Downloads/CCM/frontend/node_modules/vite/dist/node/chunks/config.js:29076:14)
      at normalizeUrl (file:///C:/Users/Vikas/Downloads/CCM/frontend/node_modules/vite/dist/node/chunks/config.js:27199:18)
      at async file:///C:/Users/Vikas/Downloads/CCM/frontend/node_modules/vite/dist/node/chunks/config.js:27257:32
      at async Promise.all (index 5)
      at async TransformPluginContext.transform (file:///C:/Users/Vikas/Downloads/CCM/frontend/node_modules/vite/dist/node/chunks/config.js:27225:4)
      at async EnvironmentPluginContainer.transform (file:///C:/Users/Vikas/Downloads/CCM/frontend/node_modules/vite/dist/node/chunks/config.js:28877:14)
      at async loadAndTransform (file:///C:/Users/Vikas/Downloads/CCM/frontend/node_modules/vite/dist/node/chunks/config.js:22746:26)
      at async viteTransformMiddleware (file:///C:/Users/Vikas/Downloads/CCM/frontend/node_modules/vite/dist/node/chunks/config.js:24622:20)
[2m4:19:52 am[22m [31m[1m[vite][22m[39m [31mInternal server error: Failed to resolve import "@mui/icons-material/PersonOutline" from "src/authentication/login.js". Does the file exist?[39m
  Plugin: [35mvite:import-analysis[39m
  File: [36mC:/Users/Vikas/Downloads/CCM/frontend/src/authentication/login.js[39m:6:30
[33m  4  |  import { basicReduxStore } from '../reduxStore';
  5  |  import { setSession, setNewSession } from './cookie';
  6  |  import PersonOutlineIcon from '@mui/icons-material/PersonOutline';
     |                                 ^
  7  |  import LockOutlinedIcon from '@mui/icons-material/LockOutlined';
  8  |  import LoginState from './loginState';[39m
      at TransformPluginContext._formatLog (file:///C:/Users/Vikas/Downloads/CCM/frontend/node_modules/vite/dist/node/chunks/config.js:29079:43)
      at TransformPluginContext.error (file:///C:/Users/Vikas/Downloads/CCM/frontend/node_modules/vite/dist/node/chunks/config.js:29076:14)
      at normalizeUrl (file:///C:/Users/Vikas/Downloads/CCM/frontend/node_modules/vite/dist/node/chunks/config.js:27199:18)
      at async file:///C:/Users/Vikas/Downloads/CCM/frontend/node_modules/vite/dist/node/chunks/config.js:27257:32
      at async Promise.all (index 5)
      at async TransformPluginContext.transform (file:///C:/Users/Vikas/Downloads/CCM/frontend/node_modules/vite/dist/node/chunks/config.js:27225:4)
      at async EnvironmentPluginContainer.transform (file:///C:/Users/Vikas/Downloads/CCM/frontend/node_modules/vite/dist/node/chunks/config.js:28877:14)
      at async loadAndTransform (file:///C:/Users/Vikas/Downloads/CCM/frontend/node_modules/vite/dist/node/chunks/config.js:22746:26)
      at async viteTransformMiddleware (file:///C:/Users/Vikas/Downloads/CCM/frontend/node_modules/vite/dist/node/chunks/config.js:24622:20)
[33mFiles in the public directory are served at the root path.
Instead of [36m/public/img/s_logo.png[33m, use [36m/img/s_logo.png[33m.[39m
[2m4:20:04 am[22m [36m[1m[vite][22m[39m [90m[2m(client)[22m[39m [32mpage reload [39m[2msrc/master/views/monthly-breakup-master.js[22m
[2m4:20:04 am[22m [31m[1m[vite][22m[39m [31m[2m(client)[22m[39m Pre-transform error: Failed to resolve import "@mui/icons-material/PersonOutline" from "src/authentication/login.js". Does the file exist?
  Plugin: [35mvite:import-analysis[39m
  File: [36mC:/Users/Vikas/Downloads/CCM/frontend/src/authentication/login.js[39m:6:30
[33m  4  |  import { basicReduxStore } from '../reduxStore';
  5  |  import { setSession, setNewSession } from './cookie';
  6  |  import PersonOutlineIcon from '@mui/icons-material/PersonOutline';
     |                                 ^
  7  |  import LockOutlinedIcon from '@mui/icons-material/LockOutlined';
  8  |  import LoginState from './loginState';[39m
[2m4:20:04 am[22m [31m[1m[vite][22m[39m [31m[2m(client)[22m[39m Pre-transform error: Failed to resolve import "@mui/icons-material/PersonOutline" from "src/authentication/login.js". Does the file exist?
  Plugin: [35mvite:import-analysis[39m
  File: [36mC:/Users/Vikas/Downloads/CCM/frontend/src/authentication/login.js[39m:6:30
[33m  4  |  import { basicReduxStore } from '../reduxStore';
  5  |  import { setSession, setNewSession } from './cookie';
  6  |  import PersonOutlineIcon from '@mui/icons-material/PersonOutline';
     |                                 ^
  7  |  import LockOutlinedIcon from '@mui/icons-material/LockOutlined';
  8  |  import LoginState from './loginState';[39m
[2m4:20:04 am[22m [31m[1m[vite][22m[39m [31mInternal server error: Failed to resolve import "@mui/icons-material/PersonOutline" from "src/authentication/login.js". Does the file exist?[39m
  Plugin: [35mvite:import-analysis[39m
  File: [36mC:/Users/Vikas/Downloads/CCM/frontend/src/authentication/login.js[39m:6:30
[33m  4  |  import { basicReduxStore } from '../reduxStore';
  5  |  import { setSession, setNewSession } from './cookie';
  6  |  import PersonOutlineIcon from '@mui/icons-material/PersonOutline';
     |                                 ^
  7  |  import LockOutlinedIcon from '@mui/icons-material/LockOutlined';
  8  |  import LoginState from './loginState';[39m
      at TransformPluginContext._formatLog (file:///C:/Users/Vikas/Downloads/CCM/frontend/node_modules/vite/dist/node/chunks/config.js:29079:43)
      at TransformPluginContext.error (file:///C:/Users/Vikas/Downloads/CCM/frontend/node_modules/vite/dist/node/chunks/config.js:29076:14)
      at normalizeUrl (file:///C:/Users/Vikas/Downloads/CCM/frontend/node_modules/vite/dist/node/chunks/config.js:27199:18)
      at async file:///C:/Users/Vikas/Downloads/CCM/frontend/node_modules/vite/dist/node/chunks/config.js:27257:32
      at async Promise.all (index 5)
      at async TransformPluginContext.transform (file:///C:/Users/Vikas/Downloads/CCM/frontend/node_modules/vite/dist/node/chunks/config.js:27225:4)
      at async EnvironmentPluginContainer.transform (file:///C:/Users/Vikas/Downloads/CCM/frontend/node_modules/vite/dist/node/chunks/config.js:28877:14)
      at async loadAndTransform (file:///C:/Users/Vikas/Downloads/CCM/frontend/node_modules/vite/dist/node/chunks/config.js:22746:26)
      at async viteTransformMiddleware (file:///C:/Users/Vikas/Downloads/CCM/frontend/node_modules/vite/dist/node/chunks/config.js:24622:20)
[2m4:20:05 am[22m [31m[1m[vite][22m[39m [31mInternal server error: Failed to resolve import "@mui/icons-material/PersonOutline" from "src/authentication/login.js". Does the file exist?[39m
  Plugin: [35mvite:import-analysis[39m
  File: [36mC:/Users/Vikas/Downloads/CCM/frontend/src/authentication/login.js[39m:6:30
[33m  4  |  import { basicReduxStore } from '../reduxStore';
  5  |  import { setSession, setNewSession } from './cookie';
  6  |  import PersonOutlineIcon from '@mui/icons-material/PersonOutline';
     |                                 ^
  7  |  import LockOutlinedIcon from '@mui/icons-material/LockOutlined';
  8  |  import LoginState from './loginState';[39m
      at TransformPluginContext._formatLog (file:///C:/Users/Vikas/Downloads/CCM/frontend/node_modules/vite/dist/node/chunks/config.js:29079:43)
      at TransformPluginContext.error (file:///C:/Users/Vikas/Downloads/CCM/frontend/node_modules/vite/dist/node/chunks/config.js:29076:14)
      at normalizeUrl (file:///C:/Users/Vikas/Downloads/CCM/frontend/node_modules/vite/dist/node/chunks/config.js:27199:18)
      at async file:///C:/Users/Vikas/Downloads/CCM/frontend/node_modules/vite/dist/node/chunks/config.js:27257:32
      at async Promise.all (index 5)
      at async TransformPluginContext.transform (file:///C:/Users/Vikas/Downloads/CCM/frontend/node_modules/vite/dist/node/chunks/config.js:27225:4)
      at async EnvironmentPluginContainer.transform (file:///C:/Users/Vikas/Downloads/CCM/frontend/node_modules/vite/dist/node/chunks/config.js:28877:14)
      at async loadAndTransform (file:///C:/Users/Vikas/Downloads/CCM/frontend/node_modules/vite/dist/node/chunks/config.js:22746:26)
      at async viteTransformMiddleware (file:///C:/Users/Vikas/Downloads/CCM/frontend/node_modules/vite/dist/node/chunks/config.js:24622:20)
[33mFiles in the public directory are served at the root path.
Instead of [36m/public/img/s_logo.png[33m, use [36m/img/s_logo.png[33m.[39m
[2m4:20:18 am[22m [36m[1m[vite][22m[39m [90m[2m(client)[22m[39m [32mpage reload [39m[2msrc/master/views/monthly-breakup-master.js[22m
[2m4:20:18 am[22m [31m[1m[vite][22m[39m [31m[2m(client)[22m[39m Pre-transform error: Failed to resolve import "@mui/icons-material/PersonOutline" from "src/authentication/login.js". Does the file exist?
  Plugin: [35mvite:import-analysis[39m
  File: [36mC:/Users/Vikas/Downloads/CCM/frontend/src/authentication/login.js[39m:6:30
[33m  4  |  import { basicReduxStore } from '../reduxStore';
  5  |  import { setSession, setNewSession } from './cookie';
  6  |  import PersonOutlineIcon from '@mui/icons-material/PersonOutline';
     |                                 ^
  7  |  import LockOutlinedIcon from '@mui/icons-material/LockOutlined';
  8  |  import LoginState from './loginState';[39m
[2m4:20:18 am[22m [31m[1m[vite][22m[39m [31m[2m(client)[22m[39m Pre-transform error: Failed to resolve import "@mui/icons-material/PersonOutline" from "src/authentication/login.js". Does the file exist?
  Plugin: [35mvite:import-analysis[39m
  File: [36mC:/Users/Vikas/Downloads/CCM/frontend/src/authentication/login.js[39m:6:30
[33m  4  |  import { basicReduxStore } from '../reduxStore';
  5  |  import { setSession, setNewSession } from './cookie';
  6  |  import PersonOutlineIcon from '@mui/icons-material/PersonOutline';
     |                                 ^
  7  |  import LockOutlinedIcon from '@mui/icons-material/LockOutlined';
  8  |  import LoginState from './loginState';[39m
[2m4:20:18 am[22m [31m[1m[vite][22m[39m [31mInternal server error: Failed to resolve import "@mui/icons-material/PersonOutline" from "src/authentication/login.js". Does the file exist?[39m
  Plugin: [35mvite:import-analysis[39m
  File: [36mC:/Users/Vikas/Downloads/CCM/frontend/src/authentication/login.js[39m:6:30
[33m  4  |  import { basicReduxStore } from '../reduxStore';
  5  |  import { setSession, setNewSession } from './cookie';
  6  |  import PersonOutlineIcon from '@mui/icons-material/PersonOutline';
     |                                 ^
  7  |  import LockOutlinedIcon from '@mui/icons-material/LockOutlined';
  8  |  import LoginState from './loginState';[39m
      at TransformPluginContext._formatLog (file:///C:/Users/Vikas/Downloads/CCM/frontend/node_modules/vite/dist/node/chunks/config.js:29079:43)
      at TransformPluginContext.error (file:///C:/Users/Vikas/Downloads/CCM/frontend/node_modules/vite/dist/node/chunks/config.js:29076:14)
      at normalizeUrl (file:///C:/Users/Vikas/Downloads/CCM/frontend/node_modules/vite/dist/node/chunks/config.js:27199:18)
      at async file:///C:/Users/Vikas/Downloads/CCM/frontend/node_modules/vite/dist/node/chunks/config.js:27257:32
      at async Promise.all (index 5)
      at async TransformPluginContext.transform (file:///C:/Users/Vikas/Downloads/CCM/frontend/node_modules/vite/dist/node/chunks/config.js:27225:4)
      at async EnvironmentPluginContainer.transform (file:///C:/Users/Vikas/Downloads/CCM/frontend/node_modules/vite/dist/node/chunks/config.js:28877:14)
      at async loadAndTransform (file:///C:/Users/Vikas/Downloads/CCM/frontend/node_modules/vite/dist/node/chunks/config.js:22746:26)
      at async viteTransformMiddleware (file:///C:/Users/Vikas/Downloads/CCM/frontend/node_modules/vite/dist/node/chunks/config.js:24622:20)
[2m4:20:19 am[22m [31m[1m[vite][22m[39m [31mInternal server error: Failed to resolve import "@mui/icons-material/PersonOutline" from "src/authentication/login.js". Does the file exist?[39m
  Plugin: [35mvite:import-analysis[39m
  File: [36mC:/Users/Vikas/Downloads/CCM/frontend/src/authentication/login.js[39m:6:30
[33m  4  |  import { basicReduxStore } from '../reduxStore';
  5  |  import { setSession, setNewSession } from './cookie';
  6  |  import PersonOutlineIcon from '@mui/icons-material/PersonOutline';
     |                                 ^
  7  |  import LockOutlinedIcon from '@mui/icons-material/LockOutlined';
  8  |  import LoginState from './loginState';[39m
      at TransformPluginContext._formatLog (file:///C:/Users/Vikas/Downloads/CCM/frontend/node_modules/vite/dist/node/chunks/config.js:29079:43)
      at TransformPluginContext.error (file:///C:/Users/Vikas/Downloads/CCM/frontend/node_modules/vite/dist/node/chunks/config.js:29076:14)
      at normalizeUrl (file:///C:/Users/Vikas/Downloads/CCM/frontend/node_modules/vite/dist/node/chunks/config.js:27199:18)
      at async file:///C:/Users/Vikas/Downloads/CCM/frontend/node_modules/vite/dist/node/chunks/config.js:27257:32
      at async Promise.all (index 5)
      at async TransformPluginContext.transform (file:///C:/Users/Vikas/Downloads/CCM/frontend/node_modules/vite/dist/node/chunks/config.js:27225:4)
      at async EnvironmentPluginContainer.transform (file:///C:/Users/Vikas/Downloads/CCM/frontend/node_modules/vite/dist/node/chunks/config.js:28877:14)
      at async loadAndTransform (file:///C:/Users/Vikas/Downloads/CCM/frontend/node_modules/vite/dist/node/chunks/config.js:22746:26)
      at async viteTransformMiddleware (file:///C:/Users/Vikas/Downloads/CCM/frontend/node_modules/vite/dist/node/chunks/config.js:24622:20)
[33mFiles in the public directory are served at the root path.
Instead of [36m/public/img/s_logo.png[33m, use [36m/img/s_logo.png[33m.[39m
[2m4:20:33 am[22m [36m[1m[vite][22m[39m [90m[2m(client)[22m[39m [32mpage reload [39m[2msrc/master/views/monthly-breakup-master.js[22m
[2m4:20:34 am[22m [31m[1m[vite][22m[39m [31m[2m(client)[22m[39m Pre-transform error: Failed to resolve import "@mui/icons-material/PersonOutline" from "src/authentication/login.js". Does the file exist?
  Plugin: [35mvite:import-analysis[39m
  File: [36mC:/Users/Vikas/Downloads/CCM/frontend/src/authentication/login.js[39m:6:30
[33m  4  |  import { basicReduxStore } from '../reduxStore';
  5  |  import { setSession, setNewSession } from './cookie';
  6  |  import PersonOutlineIcon from '@mui/icons-material/PersonOutline';
     |                                 ^
  7  |  import LockOutlinedIcon from '@mui/icons-material/LockOutlined';
  8  |  import LoginState from './loginState';[39m
[2m4:20:34 am[22m [31m[1m[vite][22m[39m [31m[2m(client)[22m[39m Pre-transform error: Failed to resolve import "@mui/icons-material/PersonOutline" from "src/authentication/login.js". Does the file exist?
  Plugin: [35mvite:import-analysis[39m
  File: [36mC:/Users/Vikas/Downloads/CCM/frontend/src/authentication/login.js[39m:6:30
[33m  4  |  import { basicReduxStore } from '../reduxStore';
  5  |  import { setSession, setNewSession } from './cookie';
  6  |  import PersonOutlineIcon from '@mui/icons-material/PersonOutline';
     |                                 ^
  7  |  import LockOutlinedIcon from '@mui/icons-material/LockOutlined';
  8  |  import LoginState from './loginState';[39m
[2m4:20:34 am[22m [31m[1m[vite][22m[39m [31mInternal server error: Failed to resolve import "@mui/icons-material/PersonOutline" from "src/authentication/login.js". Does the file exist?[39m
  Plugin: [35mvite:import-analysis[39m
  File: [36mC:/Users/Vikas/Downloads/CCM/frontend/src/authentication/login.js[39m:6:30
[33m  4  |  import { basicReduxStore } from '../reduxStore';
  5  |  import { setSession, setNewSession } from './cookie';
  6  |  import PersonOutlineIcon from '@mui/icons-material/PersonOutline';
     |                                 ^
  7  |  import LockOutlinedIcon from '@mui/icons-material/LockOutlined';
  8  |  import LoginState from './loginState';[39m
      at TransformPluginContext._formatLog (file:///C:/Users/Vikas/Downloads/CCM/frontend/node_modules/vite/dist/node/chunks/config.js:29079:43)
      at TransformPluginContext.error (file:///C:/Users/Vikas/Downloads/CCM/frontend/node_modules/vite/dist/node/chunks/config.js:29076:14)
      at normalizeUrl (file:///C:/Users/Vikas/Downloads/CCM/frontend/node_modules/vite/dist/node/chunks/config.js:27199:18)
      at async file:///C:/Users/Vikas/Downloads/CCM/frontend/node_modules/vite/dist/node/chunks/config.js:27257:32
      at async Promise.all (index 5)
      at async TransformPluginContext.transform (file:///C:/Users/Vikas/Downloads/CCM/frontend/node_modules/vite/dist/node/chunks/config.js:27225:4)
      at async EnvironmentPluginContainer.transform (file:///C:/Users/Vikas/Downloads/CCM/frontend/node_modules/vite/dist/node/chunks/config.js:28877:14)
      at async loadAndTransform (file:///C:/Users/Vikas/Downloads/CCM/frontend/node_modules/vite/dist/node/chunks/config.js:22746:26)
      at async viteTransformMiddleware (file:///C:/Users/Vikas/Downloads/CCM/frontend/node_modules/vite/dist/node/chunks/config.js:24622:20)
[2m4:20:34 am[22m [31m[1m[vite][22m[39m [31mInternal server error: Failed to resolve import "@mui/icons-material/PersonOutline" from "src/authentication/login.js". Does the file exist?[39m
  Plugin: [35mvite:import-analysis[39m
  File: [36mC:/Users/Vikas/Downloads/CCM/frontend/src/authentication/login.js[39m:6:30
[33m  4  |  import { basicReduxStore } from '../reduxStore';
  5  |  import { setSession, setNewSession } from './cookie';
  6  |  import PersonOutlineIcon from '@mui/icons-material/PersonOutline';
     |                                 ^
  7  |  import LockOutlinedIcon from '@mui/icons-material/LockOutlined';
  8  |  import LoginState from './loginState';[39m
      at TransformPluginContext._formatLog (file:///C:/Users/Vikas/Downloads/CCM/frontend/node_modules/vite/dist/node/chunks/config.js:29079:43)
      at TransformPluginContext.error (file:///C:/Users/Vikas/Downloads/CCM/frontend/node_modules/vite/dist/node/chunks/config.js:29076:14)
      at normalizeUrl (file:///C:/Users/Vikas/Downloads/CCM/frontend/node_modules/vite/dist/node/chunks/config.js:27199:18)
      at async file:///C:/Users/Vikas/Downloads/CCM/frontend/node_modules/vite/dist/node/chunks/config.js:27257:32
      at async Promise.all (index 5)
      at async TransformPluginContext.transform (file:///C:/Users/Vikas/Downloads/CCM/frontend/node_modules/vite/dist/node/chunks/config.js:27225:4)
      at async EnvironmentPluginContainer.transform (file:///C:/Users/Vikas/Downloads/CCM/frontend/node_modules/vite/dist/node/chunks/config.js:28877:14)
      at async loadAndTransform (file:///C:/Users/Vikas/Downloads/CCM/frontend/node_modules/vite/dist/node/chunks/config.js:22746:26)
      at async viteTransformMiddleware (file:///C:/Users/Vikas/Downloads/CCM/frontend/node_modules/vite/dist/node/chunks/config.js:24622:20)
[33mFiles in the public directory are served at the root path.
Instead of [36m/public/img/s_logo.png[33m, use [36m/img/s_logo.png[33m.[39m
[2m4:20:49 am[22m [36m[1m[vite][22m[39m [90m[2m(client)[22m[39m [32mpage reload [39m[2msrc/master/views/monthly-breakup-master.js[22m
[2m4:20:49 am[22m [31m[1m[vite][22m[39m [31m[2m(client)[22m[39m Pre-transform error: Failed to resolve import "@mui/icons-material/PersonOutline" from "src/authentication/login.js". Does the file exist?
  Plugin: [35mvite:import-analysis[39m
  File: [36mC:/Users/Vikas/Downloads/CCM/frontend/src/authentication/login.js[39m:6:30
[33m  4  |  import { basicReduxStore } from '../reduxStore';
  5  |  import { setSession, setNewSession } from './cookie';
  6  |  import PersonOutlineIcon from '@mui/icons-material/PersonOutline';
     |                                 ^
  7  |  import LockOutlinedIcon from '@mui/icons-material/LockOutlined';
  8  |  import LoginState from './loginState';[39m
[2m4:20:49 am[22m [31m[1m[vite][22m[39m [31m[2m(client)[22m[39m Pre-transform error: Failed to resolve import "@mui/icons-material/PersonOutline" from "src/authentication/login.js". Does the file exist?
  Plugin: [35mvite:import-analysis[39m
  File: [36mC:/Users/Vikas/Downloads/CCM/frontend/src/authentication/login.js[39m:6:30
[33m  4  |  import { basicReduxStore } from '../reduxStore';
  5  |  import { setSession, setNewSession } from './cookie';
  6  |  import PersonOutlineIcon from '@mui/icons-material/PersonOutline';
     |                                 ^
  7  |  import LockOutlinedIcon from '@mui/icons-material/LockOutlined';
  8  |  import LoginState from './loginState';[39m
[2m4:20:49 am[22m [31m[1m[vite][22m[39m [31mInternal server error: Failed to resolve import "@mui/icons-material/PersonOutline" from "src/authentication/login.js". Does the file exist?[39m
  Plugin: [35mvite:import-analysis[39m
  File: [36mC:/Users/Vikas/Downloads/CCM/frontend/src/authentication/login.js[39m:6:30
[33m  4  |  import { basicReduxStore } from '../reduxStore';
  5  |  import { setSession, setNewSession } from './cookie';
  6  |  import PersonOutlineIcon from '@mui/icons-material/PersonOutline';
     |                                 ^
  7  |  import LockOutlinedIcon from '@mui/icons-material/LockOutlined';
  8  |  import LoginState from './loginState';[39m
      at TransformPluginContext._formatLog (file:///C:/Users/Vikas/Downloads/CCM/frontend/node_modules/vite/dist/node/chunks/config.js:29079:43)
      at TransformPluginContext.error (file:///C:/Users/Vikas/Downloads/CCM/frontend/node_modules/vite/dist/node/chunks/config.js:29076:14)
      at normalizeUrl (file:///C:/Users/Vikas/Downloads/CCM/frontend/node_modules/vite/dist/node/chunks/config.js:27199:18)
      at async file:///C:/Users/Vikas/Downloads/CCM/frontend/node_modules/vite/dist/node/chunks/config.js:27257:32
      at async Promise.all (index 5)
      at async TransformPluginContext.transform (file:///C:/Users/Vikas/Downloads/CCM/frontend/node_modules/vite/dist/node/chunks/config.js:27225:4)
      at async EnvironmentPluginContainer.transform (file:///C:/Users/Vikas/Downloads/CCM/frontend/node_modules/vite/dist/node/chunks/config.js:28877:14)
      at async loadAndTransform (file:///C:/Users/Vikas/Downloads/CCM/frontend/node_modules/vite/dist/node/chunks/config.js:22746:26)
      at async viteTransformMiddleware (file:///C:/Users/Vikas/Downloads/CCM/frontend/node_modules/vite/dist/node/chunks/config.js:24622:20)
[2m4:20:50 am[22m [31m[1m[vite][22m[39m [31mInternal server error: Failed to resolve import "@mui/icons-material/PersonOutline" from "src/authentication/login.js". Does the file exist?[39m
  Plugin: [35mvite:import-analysis[39m
  File: [36mC:/Users/Vikas/Downloads/CCM/frontend/src/authentication/login.js[39m:6:30
[33m  4  |  import { basicReduxStore } from '../reduxStore';
  5  |  import { setSession, setNewSession } from './cookie';
  6  |  import PersonOutlineIcon from '@mui/icons-material/PersonOutline';
     |                                 ^
  7  |  import LockOutlinedIcon from '@mui/icons-material/LockOutlined';
  8  |  import LoginState from './loginState';[39m
      at TransformPluginContext._formatLog (file:///C:/Users/Vikas/Downloads/CCM/frontend/node_modules/vite/dist/node/chunks/config.js:29079:43)
      at TransformPluginContext.error (file:///C:/Users/Vikas/Downloads/CCM/frontend/node_modules/vite/dist/node/chunks/config.js:29076:14)
      at normalizeUrl (file:///C:/Users/Vikas/Downloads/CCM/frontend/node_modules/vite/dist/node/chunks/config.js:27199:18)
      at async file:///C:/Users/Vikas/Downloads/CCM/frontend/node_modules/vite/dist/node/chunks/config.js:27257:32
      at async Promise.all (index 5)
      at async TransformPluginContext.transform (file:///C:/Users/Vikas/Downloads/CCM/frontend/node_modules/vite/dist/node/chunks/config.js:27225:4)
      at async EnvironmentPluginContainer.transform (file:///C:/Users/Vikas/Downloads/CCM/frontend/node_modules/vite/dist/node/chunks/config.js:28877:14)
      at async loadAndTransform (file:///C:/Users/Vikas/Downloads/CCM/frontend/node_modules/vite/dist/node/chunks/config.js:22746:26)
      at async viteTransformMiddleware (file:///C:/Users/Vikas/Downloads/CCM/frontend/node_modules/vite/dist/node/chunks/config.js:24622:20)
[33mFiles in the public directory are served at the root path.
Instead of [36m/public/img/s_logo.png[33m, use [36m/img/s_logo.png[33m.[39m
[2m4:21:33 am[22m [36m[1m[vite][22m[39m [90m[2m(client)[22m[39m [32mpage reload [39m[2msrc/master/views/monthly-breakup-master.js[22m
[2m4:21:33 am[22m [31m[1m[vite][22m[39m [31m[2m(client)[22m[39m Pre-transform error: Failed to resolve import "@mui/icons-material/PersonOutline" from "src/authentication/login.js". Does the file exist?
  Plugin: [35mvite:import-analysis[39m
  File: [36mC:/Users/Vikas/Downloads/CCM/frontend/src/authentication/login.js[39m:6:30
[33m  4  |  import { basicReduxStore } from '../reduxStore';
  5  |  import { setSession, setNewSession } from './cookie';
  6  |  import PersonOutlineIcon from '@mui/icons-material/PersonOutline';
     |                                 ^
  7  |  import LockOutlinedIcon from '@mui/icons-material/LockOutlined';
  8  |  import LoginState from './loginState';[39m
[2m4:21:33 am[22m [31m[1m[vite][22m[39m [31m[2m(client)[22m[39m Pre-transform error: Failed to resolve import "@mui/icons-material/PersonOutline" from "src/authentication/login.js". Does the file exist?
  Plugin: [35mvite:import-analysis[39m
  File: [36mC:/Users/Vikas/Downloads/CCM/frontend/src/authentication/login.js[39m:6:30
[33m  4  |  import { basicReduxStore } from '../reduxStore';
  5  |  import { setSession, setNewSession } from './cookie';
  6  |  import PersonOutlineIcon from '@mui/icons-material/PersonOutline';
     |                                 ^
  7  |  import LockOutlinedIcon from '@mui/icons-material/LockOutlined';
  8  |  import LoginState from './loginState';[39m
[2m4:21:33 am[22m [31m[1m[vite][22m[39m [31mInternal server error: Failed to resolve import "@mui/icons-material/PersonOutline" from "src/authentication/login.js". Does the file exist?[39m
  Plugin: [35mvite:import-analysis[39m
  File: [36mC:/Users/Vikas/Downloads/CCM/frontend/src/authentication/login.js[39m:6:30
[33m  4  |  import { basicReduxStore } from '../reduxStore';
  5  |  import { setSession, setNewSession } from './cookie';
  6  |  import PersonOutlineIcon from '@mui/icons-material/PersonOutline';
     |                                 ^
  7  |  import LockOutlinedIcon from '@mui/icons-material/LockOutlined';
  8  |  import LoginState from './loginState';[39m
      at TransformPluginContext._formatLog (file:///C:/Users/Vikas/Downloads/CCM/frontend/node_modules/vite/dist/node/chunks/config.js:29079:43)
      at TransformPluginContext.error (file:///C:/Users/Vikas/Downloads/CCM/frontend/node_modules/vite/dist/node/chunks/config.js:29076:14)
      at normalizeUrl (file:///C:/Users/Vikas/Downloads/CCM/frontend/node_modules/vite/dist/node/chunks/config.js:27199:18)
      at async file:///C:/Users/Vikas/Downloads/CCM/frontend/node_modules/vite/dist/node/chunks/config.js:27257:32
      at async Promise.all (index 5)
      at async TransformPluginContext.transform (file:///C:/Users/Vikas/Downloads/CCM/frontend/node_modules/vite/dist/node/chunks/config.js:27225:4)
      at async EnvironmentPluginContainer.transform (file:///C:/Users/Vikas/Downloads/CCM/frontend/node_modules/vite/dist/node/chunks/config.js:28877:14)
      at async loadAndTransform (file:///C:/Users/Vikas/Downloads/CCM/frontend/node_modules/vite/dist/node/chunks/config.js:22746:26)
      at async viteTransformMiddleware (file:///C:/Users/Vikas/Downloads/CCM/frontend/node_modules/vite/dist/node/chunks/config.js:24622:20)
[2m4:21:33 am[22m [31m[1m[vite][22m[39m [31mInternal server error: Failed to resolve import "@mui/icons-material/PersonOutline" from "src/authentication/login.js". Does the file exist?[39m
  Plugin: [35mvite:import-analysis[39m
  File: [36mC:/Users/Vikas/Downloads/CCM/frontend/src/authentication/login.js[39m:6:30
[33m  4  |  import { basicReduxStore } from '../reduxStore';
  5  |  import { setSession, setNewSession } from './cookie';
  6  |  import PersonOutlineIcon from '@mui/icons-material/PersonOutline';
     |                                 ^
  7  |  import LockOutlinedIcon from '@mui/icons-material/LockOutlined';
  8  |  import LoginState from './loginState';[39m
      at TransformPluginContext._formatLog (file:///C:/Users/Vikas/Downloads/CCM/frontend/node_modules/vite/dist/node/chunks/config.js:29079:43)
      at TransformPluginContext.error (file:///C:/Users/Vikas/Downloads/CCM/frontend/node_modules/vite/dist/node/chunks/config.js:29076:14)
      at normalizeUrl (file:///C:/Users/Vikas/Downloads/CCM/frontend/node_modules/vite/dist/node/chunks/config.js:27199:18)
      at async file:///C:/Users/Vikas/Downloads/CCM/frontend/node_modules/vite/dist/node/chunks/config.js:27257:32
      at async Promise.all (index 5)
      at async TransformPluginContext.transform (file:///C:/Users/Vikas/Downloads/CCM/frontend/node_modules/vite/dist/node/chunks/config.js:27225:4)
      at async EnvironmentPluginContainer.transform (file:///C:/Users/Vikas/Downloads/CCM/frontend/node_modules/vite/dist/node/chunks/config.js:28877:14)
      at async loadAndTransform (file:///C:/Users/Vikas/Downloads/CCM/frontend/node_modules/vite/dist/node/chunks/config.js:22746:26)
      at async viteTransformMiddleware (file:///C:/Users/Vikas/Downloads/CCM/frontend/node_modules/vite/dist/node/chunks/config.js:24622:20)
[33mFiles in the public directory are served at the root path.
Instead of [36m/public/img/s_logo.png[33m, use [36m/img/s_logo.png[33m.[39m
[2m4:21:45 am[22m [36m[1m[vite][22m[39m [90m[2m(client)[22m[39m [32mpage reload [39m[2msrc/master/views/monthly-breakup-master.js[22m
[2m4:21:46 am[22m [31m[1m[vite][22m[39m [31m[2m(client)[22m[39m Pre-transform error: Failed to resolve import "@mui/icons-material/PersonOutline" from "src/authentication/login.js". Does the file exist?
  Plugin: [35mvite:import-analysis[39m
  File: [36mC:/Users/Vikas/Downloads/CCM/frontend/src/authentication/login.js[39m:6:30
[33m  4  |  import { basicReduxStore } from '../reduxStore';
  5  |  import { setSession, setNewSession } from './cookie';
  6  |  import PersonOutlineIcon from '@mui/icons-material/PersonOutline';
     |                                 ^
  7  |  import LockOutlinedIcon from '@mui/icons-material/LockOutlined';
  8  |  import LoginState from './loginState';[39m
[2m4:21:46 am[22m [31m[1m[vite][22m[39m [31m[2m(client)[22m[39m Pre-transform error: Failed to resolve import "@mui/icons-material/PersonOutline" from "src/authentication/login.js". Does the file exist?
  Plugin: [35mvite:import-analysis[39m
  File: [36mC:/Users/Vikas/Downloads/CCM/frontend/src/authentication/login.js[39m:6:30
[33m  4  |  import { basicReduxStore } from '../reduxStore';
  5  |  import { setSession, setNewSession } from './cookie';
  6  |  import PersonOutlineIcon from '@mui/icons-material/PersonOutline';
     |                                 ^
  7  |  import LockOutlinedIcon from '@mui/icons-material/LockOutlined';
  8  |  import LoginState from './loginState';[39m
[2m4:21:46 am[22m [31m[1m[vite][22m[39m [31mInternal server error: Failed to resolve import "@mui/icons-material/PersonOutline" from "src/authentication/login.js". Does the file exist?[39m
  Plugin: [35mvite:import-analysis[39m
  File: [36mC:/Users/Vikas/Downloads/CCM/frontend/src/authentication/login.js[39m:6:30
[33m  4  |  import { basicReduxStore } from '../reduxStore';
  5  |  import { setSession, setNewSession } from './cookie';
  6  |  import PersonOutlineIcon from '@mui/icons-material/PersonOutline';
     |                                 ^
  7  |  import LockOutlinedIcon from '@mui/icons-material/LockOutlined';
  8  |  import LoginState from './loginState';[39m
      at TransformPluginContext._formatLog (file:///C:/Users/Vikas/Downloads/CCM/frontend/node_modules/vite/dist/node/chunks/config.js:29079:43)
      at TransformPluginContext.error (file:///C:/Users/Vikas/Downloads/CCM/frontend/node_modules/vite/dist/node/chunks/config.js:29076:14)
      at normalizeUrl (file:///C:/Users/Vikas/Downloads/CCM/frontend/node_modules/vite/dist/node/chunks/config.js:27199:18)
      at async file:///C:/Users/Vikas/Downloads/CCM/frontend/node_modules/vite/dist/node/chunks/config.js:27257:32
      at async Promise.all (index 5)
      at async TransformPluginContext.transform (file:///C:/Users/Vikas/Downloads/CCM/frontend/node_modules/vite/dist/node/chunks/config.js:27225:4)
      at async EnvironmentPluginContainer.transform (file:///C:/Users/Vikas/Downloads/CCM/frontend/node_modules/vite/dist/node/chunks/config.js:28877:14)
      at async loadAndTransform (file:///C:/Users/Vikas/Downloads/CCM/frontend/node_modules/vite/dist/node/chunks/config.js:22746:26)
      at async viteTransformMiddleware (file:///C:/Users/Vikas/Downloads/CCM/frontend/node_modules/vite/dist/node/chunks/config.js:24622:20)
[2m4:21:46 am[22m [31m[1m[vite][22m[39m [31mInternal server error: Failed to resolve import "@mui/icons-material/PersonOutline" from "src/authentication/login.js". Does the file exist?[39m
  Plugin: [35mvite:import-analysis[39m
  File: [36mC:/Users/Vikas/Downloads/CCM/frontend/src/authentication/login.js[39m:6:30
[33m  4  |  import { basicReduxStore } from '../reduxStore';
  5  |  import { setSession, setNewSession } from './cookie';
  6  |  import PersonOutlineIcon from '@mui/icons-material/PersonOutline';
     |                                 ^
  7  |  import LockOutlinedIcon from '@mui/icons-material/LockOutlined';
  8  |  import LoginState from './loginState';[39m
      at TransformPluginContext._formatLog (file:///C:/Users/Vikas/Downloads/CCM/frontend/node_modules/vite/dist/node/chunks/config.js:29079:43)
      at TransformPluginContext.error (file:///C:/Users/Vikas/Downloads/CCM/frontend/node_modules/vite/dist/node/chunks/config.js:29076:14)
      at normalizeUrl (file:///C:/Users/Vikas/Downloads/CCM/frontend/node_modules/vite/dist/node/chunks/config.js:27199:18)
      at async file:///C:/Users/Vikas/Downloads/CCM/frontend/node_modules/vite/dist/node/chunks/config.js:27257:32
      at async Promise.all (index 5)
      at async TransformPluginContext.transform (file:///C:/Users/Vikas/Downloads/CCM/frontend/node_modules/vite/dist/node/chunks/config.js:27225:4)
      at async EnvironmentPluginContainer.transform (file:///C:/Users/Vikas/Downloads/CCM/frontend/node_modules/vite/dist/node/chunks/config.js:28877:14)
      at async loadAndTransform (file:///C:/Users/Vikas/Downloads/CCM/frontend/node_modules/vite/dist/node/chunks/config.js:22746:26)
      at async viteTransformMiddleware (file:///C:/Users/Vikas/Downloads/CCM/frontend/node_modules/vite/dist/node/chunks/config.js:24622:20)
[33mFiles in the public directory are served at the root path.
Instead of [36m/public/img/s_logo.png[33m, use [36m/img/s_logo.png[33m.[39m
[2m4:22:44 am[22m [36m[1m[vite][22m[39m [90m[2m(client)[22m[39m [32mpage reload [39m[2msrc/master/views/monthly-breakup-master.js[22m
[2m4:22:45 am[22m [31m[1m[vite][22m[39m [31m[2m(client)[22m[39m Pre-transform error: Failed to resolve import "@mui/icons-material/PersonOutline" from "src/authentication/login.js". Does the file exist?
  Plugin: [35mvite:import-analysis[39m
  File: [36mC:/Users/Vikas/Downloads/CCM/frontend/src/authentication/login.js[39m:6:30
[33m  4  |  import { basicReduxStore } from '../reduxStore';
  5  |  import { setSession, setNewSession } from './cookie';
  6  |  import PersonOutlineIcon from '@mui/icons-material/PersonOutline';
     |                                 ^
  7  |  import LockOutlinedIcon from '@mui/icons-material/LockOutlined';
  8  |  import LoginState from './loginState';[39m
[2m4:22:45 am[22m [31m[1m[vite][22m[39m [31m[2m(client)[22m[39m Pre-transform error: Failed to resolve import "@mui/icons-material/PersonOutline" from "src/authentication/login.js". Does the file exist?
  Plugin: [35mvite:import-analysis[39m
  File: [36mC:/Users/Vikas/Downloads/CCM/frontend/src/authentication/login.js[39m:6:30
[33m  4  |  import { basicReduxStore } from '../reduxStore';
  5  |  import { setSession, setNewSession } from './cookie';
  6  |  import PersonOutlineIcon from '@mui/icons-material/PersonOutline';
     |                                 ^
  7  |  import LockOutlinedIcon from '@mui/icons-material/LockOutlined';
  8  |  import LoginState from './loginState';[39m
[2m4:22:45 am[22m [31m[1m[vite][22m[39m [31mInternal server error: Failed to resolve import "@mui/icons-material/PersonOutline" from "src/authentication/login.js". Does the file exist?[39m
  Plugin: [35mvite:import-analysis[39m
  File: [36mC:/Users/Vikas/Downloads/CCM/frontend/src/authentication/login.js[39m:6:30
[33m  4  |  import { basicReduxStore } from '../reduxStore';
  5  |  import { setSession, setNewSession } from './cookie';
  6  |  import PersonOutlineIcon from '@mui/icons-material/PersonOutline';
     |                                 ^
  7  |  import LockOutlinedIcon from '@mui/icons-material/LockOutlined';
  8  |  import LoginState from './loginState';[39m
      at TransformPluginContext._formatLog (file:///C:/Users/Vikas/Downloads/CCM/frontend/node_modules/vite/dist/node/chunks/config.js:29079:43)
      at TransformPluginContext.error (file:///C:/Users/Vikas/Downloads/CCM/frontend/node_modules/vite/dist/node/chunks/config.js:29076:14)
      at normalizeUrl (file:///C:/Users/Vikas/Downloads/CCM/frontend/node_modules/vite/dist/node/chunks/config.js:27199:18)
      at async file:///C:/Users/Vikas/Downloads/CCM/frontend/node_modules/vite/dist/node/chunks/config.js:27257:32
      at async Promise.all (index 5)
      at async TransformPluginContext.transform (file:///C:/Users/Vikas/Downloads/CCM/frontend/node_modules/vite/dist/node/chunks/config.js:27225:4)
      at async EnvironmentPluginContainer.transform (file:///C:/Users/Vikas/Downloads/CCM/frontend/node_modules/vite/dist/node/chunks/config.js:28877:14)
      at async loadAndTransform (file:///C:/Users/Vikas/Downloads/CCM/frontend/node_modules/vite/dist/node/chunks/config.js:22746:26)
      at async viteTransformMiddleware (file:///C:/Users/Vikas/Downloads/CCM/frontend/node_modules/vite/dist/node/chunks/config.js:24622:20)
[2m4:22:45 am[22m [31m[1m[vite][22m[39m [31mInternal server error: Failed to resolve import "@mui/icons-material/PersonOutline" from "src/authentication/login.js". Does the file exist?[39m
  Plugin: [35mvite:import-analysis[39m
  File: [36mC:/Users/Vikas/Downloads/CCM/frontend/src/authentication/login.js[39m:6:30
[33m  4  |  import { basicReduxStore } from '../reduxStore';
  5  |  import { setSession, setNewSession } from './cookie';
  6  |  import PersonOutlineIcon from '@mui/icons-material/PersonOutline';
     |                                 ^
  7  |  import LockOutlinedIcon from '@mui/icons-material/LockOutlined';
  8  |  import LoginState from './loginState';[39m
      at TransformPluginContext._formatLog (file:///C:/Users/Vikas/Downloads/CCM/frontend/node_modules/vite/dist/node/chunks/config.js:29079:43)
      at TransformPluginContext.error (file:///C:/Users/Vikas/Downloads/CCM/frontend/node_modules/vite/dist/node/chunks/config.js:29076:14)
      at normalizeUrl (file:///C:/Users/Vikas/Downloads/CCM/frontend/node_modules/vite/dist/node/chunks/config.js:27199:18)
      at async file:///C:/Users/Vikas/Downloads/CCM/frontend/node_modules/vite/dist/node/chunks/config.js:27257:32
      at async Promise.all (index 5)
      at async TransformPluginContext.transform (file:///C:/Users/Vikas/Downloads/CCM/frontend/node_modules/vite/dist/node/chunks/config.js:27225:4)
      at async EnvironmentPluginContainer.transform (file:///C:/Users/Vikas/Downloads/CCM/frontend/node_modules/vite/dist/node/chunks/config.js:28877:14)
      at async loadAndTransform (file:///C:/Users/Vikas/Downloads/CCM/frontend/node_modules/vite/dist/node/chunks/config.js:22746:26)
      at async viteTransformMiddleware (file:///C:/Users/Vikas/Downloads/CCM/frontend/node_modules/vite/dist/node/chunks/config.js:24622:20)
[33mFiles in the public directory are served at the root path.
Instead of [36m/public/img/s_logo.png[33m, use [36m/img/s_logo.png[33m.[39m
[2m4:23:32 am[22m [36m[1m[vite][22m[39m [90m[2m(client)[22m[39m [32mpage reload [39m[2msrc/master/views/monthly-breakup-master.js[22m
[2m4:23:32 am[22m [31m[1m[vite][22m[39m [31m[2m(client)[22m[39m Pre-transform error: Failed to resolve import "@mui/icons-material/PersonOutline" from "src/authentication/login.js". Does the file exist?
  Plugin: [35mvite:import-analysis[39m
  File: [36mC:/Users/Vikas/Downloads/CCM/frontend/src/authentication/login.js[39m:6:30
[33m  4  |  import { basicReduxStore } from '../reduxStore';
  5  |  import { setSession, setNewSession } from './cookie';
  6  |  import PersonOutlineIcon from '@mui/icons-material/PersonOutline';
     |                                 ^
  7  |  import LockOutlinedIcon from '@mui/icons-material/LockOutlined';
  8  |  import LoginState from './loginState';[39m
[2m4:23:32 am[22m [31m[1m[vite][22m[39m [31m[2m(client)[22m[39m Pre-transform error: Failed to resolve import "@mui/icons-material/PersonOutline" from "src/authentication/login.js". Does the file exist?
  Plugin: [35mvite:import-analysis[39m
  File: [36mC:/Users/Vikas/Downloads/CCM/frontend/src/authentication/login.js[39m:6:30
[33m  4  |  import { basicReduxStore } from '../reduxStore';
  5  |  import { setSession, setNewSession } from './cookie';
  6  |  import PersonOutlineIcon from '@mui/icons-material/PersonOutline';
     |                                 ^
  7  |  import LockOutlinedIcon from '@mui/icons-material/LockOutlined';
  8  |  import LoginState from './loginState';[39m
[2m4:23:32 am[22m [31m[1m[vite][22m[39m [31mInternal server error: Failed to resolve import "@mui/icons-material/PersonOutline" from "src/authentication/login.js". Does the file exist?[39m
  Plugin: [35mvite:import-analysis[39m
  File: [36mC:/Users/Vikas/Downloads/CCM/frontend/src/authentication/login.js[39m:6:30
[33m  4  |  import { basicReduxStore } from '../reduxStore';
  5  |  import { setSession, setNewSession } from './cookie';
  6  |  import PersonOutlineIcon from '@mui/icons-material/PersonOutline';
     |                                 ^
  7  |  import LockOutlinedIcon from '@mui/icons-material/LockOutlined';
  8  |  import LoginState from './loginState';[39m
      at TransformPluginContext._formatLog (file:///C:/Users/Vikas/Downloads/CCM/frontend/node_modules/vite/dist/node/chunks/config.js:29079:43)
      at TransformPluginContext.error (file:///C:/Users/Vikas/Downloads/CCM/frontend/node_modules/vite/dist/node/chunks/config.js:29076:14)
      at normalizeUrl (file:///C:/Users/Vikas/Downloads/CCM/frontend/node_modules/vite/dist/node/chunks/config.js:27199:18)
      at async file:///C:/Users/Vikas/Downloads/CCM/frontend/node_modules/vite/dist/node/chunks/config.js:27257:32
      at async Promise.all (index 5)
      at async TransformPluginContext.transform (file:///C:/Users/Vikas/Downloads/CCM/frontend/node_modules/vite/dist/node/chunks/config.js:27225:4)
      at async EnvironmentPluginContainer.transform (file:///C:/Users/Vikas/Downloads/CCM/frontend/node_modules/vite/dist/node/chunks/config.js:28877:14)
      at async loadAndTransform (file:///C:/Users/Vikas/Downloads/CCM/frontend/node_modules/vite/dist/node/chunks/config.js:22746:26)
      at async viteTransformMiddleware (file:///C:/Users/Vikas/Downloads/CCM/frontend/node_modules/vite/dist/node/chunks/config.js:24622:20)
[2m4:23:33 am[22m [31m[1m[vite][22m[39m [31mInternal server error: Failed to resolve import "@mui/icons-material/PersonOutline" from "src/authentication/login.js". Does the file exist?[39m
  Plugin: [35mvite:import-analysis[39m
  File: [36mC:/Users/Vikas/Downloads/CCM/frontend/src/authentication/login.js[39m:6:30
[33m  4  |  import { basicReduxStore } from '../reduxStore';
  5  |  import { setSession, setNewSession } from './cookie';
  6  |  import PersonOutlineIcon from '@mui/icons-material/PersonOutline';
     |                                 ^
  7  |  import LockOutlinedIcon from '@mui/icons-material/LockOutlined';
  8  |  import LoginState from './loginState';[39m
      at TransformPluginContext._formatLog (file:///C:/Users/Vikas/Downloads/CCM/frontend/node_modules/vite/dist/node/chunks/config.js:29079:43)
      at TransformPluginContext.error (file:///C:/Users/Vikas/Downloads/CCM/frontend/node_modules/vite/dist/node/chunks/config.js:29076:14)
      at normalizeUrl (file:///C:/Users/Vikas/Downloads/CCM/frontend/node_modules/vite/dist/node/chunks/config.js:27199:18)
      at async file:///C:/Users/Vikas/Downloads/CCM/frontend/node_modules/vite/dist/node/chunks/config.js:27257:32
      at async Promise.all (index 5)
      at async TransformPluginContext.transform (file:///C:/Users/Vikas/Downloads/CCM/frontend/node_modules/vite/dist/node/chunks/config.js:27225:4)
      at async EnvironmentPluginContainer.transform (file:///C:/Users/Vikas/Downloads/CCM/frontend/node_modules/vite/dist/node/chunks/config.js:28877:14)
      at async loadAndTransform (file:///C:/Users/Vikas/Downloads/CCM/frontend/node_modules/vite/dist/node/chunks/config.js:22746:26)
      at async viteTransformMiddleware (file:///C:/Users/Vikas/Downloads/CCM/frontend/node_modules/vite/dist/node/chunks/config.js:24622:20)
[33mFiles in the public directory are served at the root path.
Instead of [36m/public/img/s_logo.png[33m, use [36m/img/s_logo.png[33m.[39m
[2m4:26:01 am[22m [36m[1m[vite][22m[39m [90m[2m(client)[22m[39m [32mpage reload [39m[2msrc/master/views/monthly-breakup-master.js[22m
[2m4:26:01 am[22m [31m[1m[vite][22m[39m [31m[2m(client)[22m[39m Pre-transform error: Failed to resolve import "@mui/icons-material/PersonOutline" from "src/authentication/login.js". Does the file exist?
  Plugin: [35mvite:import-analysis[39m
  File: [36mC:/Users/Vikas/Downloads/CCM/frontend/src/authentication/login.js[39m:6:30
[33m  4  |  import { basicReduxStore } from '../reduxStore';
  5  |  import { setSession, setNewSession } from './cookie';
  6  |  import PersonOutlineIcon from '@mui/icons-material/PersonOutline';
     |                                 ^
  7  |  import LockOutlinedIcon from '@mui/icons-material/LockOutlined';
  8  |  import LoginState from './loginState';[39m
[2m4:26:01 am[22m [31m[1m[vite][22m[39m [31m[2m(client)[22m[39m Pre-transform error: Failed to resolve import "@mui/icons-material/PersonOutline" from "src/authentication/login.js". Does the file exist?
  Plugin: [35mvite:import-analysis[39m
  File: [36mC:/Users/Vikas/Downloads/CCM/frontend/src/authentication/login.js[39m:6:30
[33m  4  |  import { basicReduxStore } from '../reduxStore';
  5  |  import { setSession, setNewSession } from './cookie';
  6  |  import PersonOutlineIcon from '@mui/icons-material/PersonOutline';
     |                                 ^
  7  |  import LockOutlinedIcon from '@mui/icons-material/LockOutlined';
  8  |  import LoginState from './loginState';[39m
[2m4:26:01 am[22m [31m[1m[vite][22m[39m [31mInternal server error: Failed to resolve import "@mui/icons-material/PersonOutline" from "src/authentication/login.js". Does the file exist?[39m
  Plugin: [35mvite:import-analysis[39m
  File: [36mC:/Users/Vikas/Downloads/CCM/frontend/src/authentication/login.js[39m:6:30
[33m  4  |  import { basicReduxStore } from '../reduxStore';
  5  |  import { setSession, setNewSession } from './cookie';
  6  |  import PersonOutlineIcon from '@mui/icons-material/PersonOutline';
     |                                 ^
  7  |  import LockOutlinedIcon from '@mui/icons-material/LockOutlined';
  8  |  import LoginState from './loginState';[39m
      at TransformPluginContext._formatLog (file:///C:/Users/Vikas/Downloads/CCM/frontend/node_modules/vite/dist/node/chunks/config.js:29079:43)
      at TransformPluginContext.error (file:///C:/Users/Vikas/Downloads/CCM/frontend/node_modules/vite/dist/node/chunks/config.js:29076:14)
      at normalizeUrl (file:///C:/Users/Vikas/Downloads/CCM/frontend/node_modules/vite/dist/node/chunks/config.js:27199:18)
      at async file:///C:/Users/Vikas/Downloads/CCM/frontend/node_modules/vite/dist/node/chunks/config.js:27257:32
      at async Promise.all (index 5)
      at async TransformPluginContext.transform (file:///C:/Users/Vikas/Downloads/CCM/frontend/node_modules/vite/dist/node/chunks/config.js:27225:4)
      at async EnvironmentPluginContainer.transform (file:///C:/Users/Vikas/Downloads/CCM/frontend/node_modules/vite/dist/node/chunks/config.js:28877:14)
      at async loadAndTransform (file:///C:/Users/Vikas/Downloads/CCM/frontend/node_modules/vite/dist/node/chunks/config.js:22746:26)
      at async viteTransformMiddleware (file:///C:/Users/Vikas/Downloads/CCM/frontend/node_modules/vite/dist/node/chunks/config.js:24622:20)
[2m4:26:01 am[22m [31m[1m[vite][22m[39m [31mInternal server error: Failed to resolve import "@mui/icons-material/PersonOutline" from "src/authentication/login.js". Does the file exist?[39m
  Plugin: [35mvite:import-analysis[39m
  File: [36mC:/Users/Vikas/Downloads/CCM/frontend/src/authentication/login.js[39m:6:30
[33m  4  |  import { basicReduxStore } from '../reduxStore';
  5  |  import { setSession, setNewSession } from './cookie';
  6  |  import PersonOutlineIcon from '@mui/icons-material/PersonOutline';
     |                                 ^
  7  |  import LockOutlinedIcon from '@mui/icons-material/LockOutlined';
  8  |  import LoginState from './loginState';[39m
      at TransformPluginContext._formatLog (file:///C:/Users/Vikas/Downloads/CCM/frontend/node_modules/vite/dist/node/chunks/config.js:29079:43)
      at TransformPluginContext.error (file:///C:/Users/Vikas/Downloads/CCM/frontend/node_modules/vite/dist/node/chunks/config.js:29076:14)
      at normalizeUrl (file:///C:/Users/Vikas/Downloads/CCM/frontend/node_modules/vite/dist/node/chunks/config.js:27199:18)
      at async file:///C:/Users/Vikas/Downloads/CCM/frontend/node_modules/vite/dist/node/chunks/config.js:27257:32
      at async Promise.all (index 5)
      at async TransformPluginContext.transform (file:///C:/Users/Vikas/Downloads/CCM/frontend/node_modules/vite/dist/node/chunks/config.js:27225:4)
      at async EnvironmentPluginContainer.transform (file:///C:/Users/Vikas/Downloads/CCM/frontend/node_modules/vite/dist/node/chunks/config.js:28877:14)
      at async loadAndTransform (file:///C:/Users/Vikas/Downloads/CCM/frontend/node_modules/vite/dist/node/chunks/config.js:22746:26)
      at async viteTransformMiddleware (file:///C:/Users/Vikas/Downloads/CCM/frontend/node_modules/vite/dist/node/chunks/config.js:24622:20)
[33mFiles in the public directory are served at the root path.
Instead of [36m/public/img/s_logo.png[33m, use [36m/img/s_logo.png[33m.[39m
[2m4:27:11 am[22m [36m[1m[vite][22m[39m [90m[2m(client)[22m[39m [32mpage reload [39m[2msrc/master/views/activity-master.js[22m
[2m4:27:11 am[22m [31m[1m[vite][22m[39m [31m[2m(client)[22m[39m Pre-transform error: Failed to resolve import "@mui/icons-material/PersonOutline" from "src/authentication/login.js". Does the file exist?
  Plugin: [35mvite:import-analysis[39m
  File: [36mC:/Users/Vikas/Downloads/CCM/frontend/src/authentication/login.js[39m:6:30
[33m  4  |  import { basicReduxStore } from '../reduxStore';
  5  |  import { setSession, setNewSession } from './cookie';
  6  |  import PersonOutlineIcon from '@mui/icons-material/PersonOutline';
     |                                 ^
  7  |  import LockOutlinedIcon from '@mui/icons-material/LockOutlined';
  8  |  import LoginState from './loginState';[39m
[2m4:27:11 am[22m [31m[1m[vite][22m[39m [31m[2m(client)[22m[39m Pre-transform error: Failed to resolve import "@mui/icons-material/PersonOutline" from "src/authentication/login.js". Does the file exist?
  Plugin: [35mvite:import-analysis[39m
  File: [36mC:/Users/Vikas/Downloads/CCM/frontend/src/authentication/login.js[39m:6:30
[33m  4  |  import { basicReduxStore } from '../reduxStore';
  5  |  import { setSession, setNewSession } from './cookie';
  6  |  import PersonOutlineIcon from '@mui/icons-material/PersonOutline';
     |                                 ^
  7  |  import LockOutlinedIcon from '@mui/icons-material/LockOutlined';
  8  |  import LoginState from './loginState';[39m
[2m4:27:12 am[22m [31m[1m[vite][22m[39m [31mInternal server error: Failed to resolve import "@mui/icons-material/PersonOutline" from "src/authentication/login.js". Does the file exist?[39m
  Plugin: [35mvite:import-analysis[39m
  File: [36mC:/Users/Vikas/Downloads/CCM/frontend/src/authentication/login.js[39m:6:30
[33m  4  |  import { basicReduxStore } from '../reduxStore';
  5  |  import { setSession, setNewSession } from './cookie';
  6  |  import PersonOutlineIcon from '@mui/icons-material/PersonOutline';
     |                                 ^
  7  |  import LockOutlinedIcon from '@mui/icons-material/LockOutlined';
  8  |  import LoginState from './loginState';[39m
      at TransformPluginContext._formatLog (file:///C:/Users/Vikas/Downloads/CCM/frontend/node_modules/vite/dist/node/chunks/config.js:29079:43)
      at TransformPluginContext.error (file:///C:/Users/Vikas/Downloads/CCM/frontend/node_modules/vite/dist/node/chunks/config.js:29076:14)
      at normalizeUrl (file:///C:/Users/Vikas/Downloads/CCM/frontend/node_modules/vite/dist/node/chunks/config.js:27199:18)
      at async file:///C:/Users/Vikas/Downloads/CCM/frontend/node_modules/vite/dist/node/chunks/config.js:27257:32
      at async Promise.all (index 5)
      at async TransformPluginContext.transform (file:///C:/Users/Vikas/Downloads/CCM/frontend/node_modules/vite/dist/node/chunks/config.js:27225:4)
      at async EnvironmentPluginContainer.transform (file:///C:/Users/Vikas/Downloads/CCM/frontend/node_modules/vite/dist/node/chunks/config.js:28877:14)
      at async loadAndTransform (file:///C:/Users/Vikas/Downloads/CCM/frontend/node_modules/vite/dist/node/chunks/config.js:22746:26)
      at async viteTransformMiddleware (file:///C:/Users/Vikas/Downloads/CCM/frontend/node_modules/vite/dist/node/chunks/config.js:24622:20)
[2m4:27:12 am[22m [31m[1m[vite][22m[39m [31mInternal server error: Failed to resolve import "@mui/icons-material/PersonOutline" from "src/authentication/login.js". Does the file exist?[39m
  Plugin: [35mvite:import-analysis[39m
  File: [36mC:/Users/Vikas/Downloads/CCM/frontend/src/authentication/login.js[39m:6:30
[33m  4  |  import { basicReduxStore } from '../reduxStore';
  5  |  import { setSession, setNewSession } from './cookie';
  6  |  import PersonOutlineIcon from '@mui/icons-material/PersonOutline';
     |                                 ^
  7  |  import LockOutlinedIcon from '@mui/icons-material/LockOutlined';
  8  |  import LoginState from './loginState';[39m
      at TransformPluginContext._formatLog (file:///C:/Users/Vikas/Downloads/CCM/frontend/node_modules/vite/dist/node/chunks/config.js:29079:43)
      at TransformPluginContext.error (file:///C:/Users/Vikas/Downloads/CCM/frontend/node_modules/vite/dist/node/chunks/config.js:29076:14)
      at normalizeUrl (file:///C:/Users/Vikas/Downloads/CCM/frontend/node_modules/vite/dist/node/chunks/config.js:27199:18)
      at async file:///C:/Users/Vikas/Downloads/CCM/frontend/node_modules/vite/dist/node/chunks/config.js:27257:32
      at async Promise.all (index 5)
      at async TransformPluginContext.transform (file:///C:/Users/Vikas/Downloads/CCM/frontend/node_modules/vite/dist/node/chunks/config.js:27225:4)
      at async EnvironmentPluginContainer.transform (file:///C:/Users/Vikas/Downloads/CCM/frontend/node_modules/vite/dist/node/chunks/config.js:28877:14)
      at async loadAndTransform (file:///C:/Users/Vikas/Downloads/CCM/frontend/node_modules/vite/dist/node/chunks/config.js:22746:26)
      at async viteTransformMiddleware (file:///C:/Users/Vikas/Downloads/CCM/frontend/node_modules/vite/dist/node/chunks/config.js:24622:20)
[33mFiles in the public directory are served at the root path.
Instead of [36m/public/img/s_logo.png[33m, use [36m/img/s_logo.png[33m.[39m
[2m4:27:25 am[22m [36m[1m[vite][22m[39m [90m[2m(client)[22m[39m [32mpage reload [39m[2msrc/master/views/activity-master.js[22m
[2m4:27:25 am[22m [31m[1m[vite][22m[39m [31m[2m(client)[22m[39m Pre-transform error: Failed to resolve import "@mui/icons-material/PersonOutline" from "src/authentication/login.js". Does the file exist?
  Plugin: [35mvite:import-analysis[39m
  File: [36mC:/Users/Vikas/Downloads/CCM/frontend/src/authentication/login.js[39m:6:30
[33m  4  |  import { basicReduxStore } from '../reduxStore';
  5  |  import { setSession, setNewSession } from './cookie';
  6  |  import PersonOutlineIcon from '@mui/icons-material/PersonOutline';
     |                                 ^
  7  |  import LockOutlinedIcon from '@mui/icons-material/LockOutlined';
  8  |  import LoginState from './loginState';[39m
[2m4:27:25 am[22m [31m[1m[vite][22m[39m [31m[2m(client)[22m[39m Pre-transform error: Failed to resolve import "@mui/icons-material/PersonOutline" from "src/authentication/login.js". Does the file exist?
  Plugin: [35mvite:import-analysis[39m
  File: [36mC:/Users/Vikas/Downloads/CCM/frontend/src/authentication/login.js[39m:6:30
[33m  4  |  import { basicReduxStore } from '../reduxStore';
  5  |  import { setSession, setNewSession } from './cookie';
  6  |  import PersonOutlineIcon from '@mui/icons-material/PersonOutline';
     |                                 ^
  7  |  import LockOutlinedIcon from '@mui/icons-material/LockOutlined';
  8  |  import LoginState from './loginState';[39m
[2m4:27:25 am[22m [31m[1m[vite][22m[39m [31mInternal server error: Failed to resolve import "@mui/icons-material/PersonOutline" from "src/authentication/login.js". Does the file exist?[39m
  Plugin: [35mvite:import-analysis[39m
  File: [36mC:/Users/Vikas/Downloads/CCM/frontend/src/authentication/login.js[39m:6:30
[33m  4  |  import { basicReduxStore } from '../reduxStore';
  5  |  import { setSession, setNewSession } from './cookie';
  6  |  import PersonOutlineIcon from '@mui/icons-material/PersonOutline';
     |                                 ^
  7  |  import LockOutlinedIcon from '@mui/icons-material/LockOutlined';
  8  |  import LoginState from './loginState';[39m
      at TransformPluginContext._formatLog (file:///C:/Users/Vikas/Downloads/CCM/frontend/node_modules/vite/dist/node/chunks/config.js:29079:43)
      at TransformPluginContext.error (file:///C:/Users/Vikas/Downloads/CCM/frontend/node_modules/vite/dist/node/chunks/config.js:29076:14)
      at normalizeUrl (file:///C:/Users/Vikas/Downloads/CCM/frontend/node_modules/vite/dist/node/chunks/config.js:27199:18)
      at async file:///C:/Users/Vikas/Downloads/CCM/frontend/node_modules/vite/dist/node/chunks/config.js:27257:32
      at async Promise.all (index 5)
      at async TransformPluginContext.transform (file:///C:/Users/Vikas/Downloads/CCM/frontend/node_modules/vite/dist/node/chunks/config.js:27225:4)
      at async EnvironmentPluginContainer.transform (file:///C:/Users/Vikas/Downloads/CCM/frontend/node_modules/vite/dist/node/chunks/config.js:28877:14)
      at async loadAndTransform (file:///C:/Users/Vikas/Downloads/CCM/frontend/node_modules/vite/dist/node/chunks/config.js:22746:26)
      at async viteTransformMiddleware (file:///C:/Users/Vikas/Downloads/CCM/frontend/node_modules/vite/dist/node/chunks/config.js:24622:20)
[2m4:27:26 am[22m [31m[1m[vite][22m[39m [31mInternal server error: Failed to resolve import "@mui/icons-material/PersonOutline" from "src/authentication/login.js". Does the file exist?[39m
  Plugin: [35mvite:import-analysis[39m
  File: [36mC:/Users/Vikas/Downloads/CCM/frontend/src/authentication/login.js[39m:6:30
[33m  4  |  import { basicReduxStore } from '../reduxStore';
  5  |  import { setSession, setNewSession } from './cookie';
  6  |  import PersonOutlineIcon from '@mui/icons-material/PersonOutline';
     |                                 ^
  7  |  import LockOutlinedIcon from '@mui/icons-material/LockOutlined';
  8  |  import LoginState from './loginState';[39m
      at TransformPluginContext._formatLog (file:///C:/Users/Vikas/Downloads/CCM/frontend/node_modules/vite/dist/node/chunks/config.js:29079:43)
      at TransformPluginContext.error (file:///C:/Users/Vikas/Downloads/CCM/frontend/node_modules/vite/dist/node/chunks/config.js:29076:14)
      at normalizeUrl (file:///C:/Users/Vikas/Downloads/CCM/frontend/node_modules/vite/dist/node/chunks/config.js:27199:18)
      at async file:///C:/Users/Vikas/Downloads/CCM/frontend/node_modules/vite/dist/node/chunks/config.js:27257:32
      at async Promise.all (index 5)
      at async TransformPluginContext.transform (file:///C:/Users/Vikas/Downloads/CCM/frontend/node_modules/vite/dist/node/chunks/config.js:27225:4)
      at async EnvironmentPluginContainer.transform (file:///C:/Users/Vikas/Downloads/CCM/frontend/node_modules/vite/dist/node/chunks/config.js:28877:14)
      at async loadAndTransform (file:///C:/Users/Vikas/Downloads/CCM/frontend/node_modules/vite/dist/node/chunks/config.js:22746:26)
      at async viteTransformMiddleware (file:///C:/Users/Vikas/Downloads/CCM/frontend/node_modules/vite/dist/node/chunks/config.js:24622:20)
[33mFiles in the public directory are served at the root path.
Instead of [36m/public/img/s_logo.png[33m, use [36m/img/s_logo.png[33m.[39m
[2m4:28:00 am[22m [36m[1m[vite][22m[39m [90m[2m(client)[22m[39m [32mpage reload [39m[2msrc/master/views/activity-master.js[22m
[2m4:28:01 am[22m [31m[1m[vite][22m[39m [31m[2m(client)[22m[39m Pre-transform error: Failed to resolve import "@mui/icons-material/PersonOutline" from "src/authentication/login.js". Does the file exist?
  Plugin: [35mvite:import-analysis[39m
  File: [36mC:/Users/Vikas/Downloads/CCM/frontend/src/authentication/login.js[39m:6:30
[33m  4  |  import { basicReduxStore } from '../reduxStore';
  5  |  import { setSession, setNewSession } from './cookie';
  6  |  import PersonOutlineIcon from '@mui/icons-material/PersonOutline';
     |                                 ^
  7  |  import LockOutlinedIcon from '@mui/icons-material/LockOutlined';
  8  |  import LoginState from './loginState';[39m
[2m4:28:01 am[22m [31m[1m[vite][22m[39m [31m[2m(client)[22m[39m Pre-transform error: Failed to resolve import "@mui/icons-material/PersonOutline" from "src/authentication/login.js". Does the file exist?
  Plugin: [35mvite:import-analysis[39m
  File: [36mC:/Users/Vikas/Downloads/CCM/frontend/src/authentication/login.js[39m:6:30
[33m  4  |  import { basicReduxStore } from '../reduxStore';
  5  |  import { setSession, setNewSession } from './cookie';
  6  |  import PersonOutlineIcon from '@mui/icons-material/PersonOutline';
     |                                 ^
  7  |  import LockOutlinedIcon from '@mui/icons-material/LockOutlined';
  8  |  import LoginState from './loginState';[39m
[2m4:28:01 am[22m [31m[1m[vite][22m[39m [31mInternal server error: Failed to resolve import "@mui/icons-material/PersonOutline" from "src/authentication/login.js". Does the file exist?[39m
  Plugin: [35mvite:import-analysis[39m
  File: [36mC:/Users/Vikas/Downloads/CCM/frontend/src/authentication/login.js[39m:6:30
[33m  4  |  import { basicReduxStore } from '../reduxStore';
  5  |  import { setSession, setNewSession } from './cookie';
  6  |  import PersonOutlineIcon from '@mui/icons-material/PersonOutline';
     |                                 ^
  7  |  import LockOutlinedIcon from '@mui/icons-material/LockOutlined';
  8  |  import LoginState from './loginState';[39m
      at TransformPluginContext._formatLog (file:///C:/Users/Vikas/Downloads/CCM/frontend/node_modules/vite/dist/node/chunks/config.js:29079:43)
      at TransformPluginContext.error (file:///C:/Users/Vikas/Downloads/CCM/frontend/node_modules/vite/dist/node/chunks/config.js:29076:14)
      at normalizeUrl (file:///C:/Users/Vikas/Downloads/CCM/frontend/node_modules/vite/dist/node/chunks/config.js:27199:18)
      at async file:///C:/Users/Vikas/Downloads/CCM/frontend/node_modules/vite/dist/node/chunks/config.js:27257:32
      at async Promise.all (index 5)
      at async TransformPluginContext.transform (file:///C:/Users/Vikas/Downloads/CCM/frontend/node_modules/vite/dist/node/chunks/config.js:27225:4)
      at async EnvironmentPluginContainer.transform (file:///C:/Users/Vikas/Downloads/CCM/frontend/node_modules/vite/dist/node/chunks/config.js:28877:14)
      at async loadAndTransform (file:///C:/Users/Vikas/Downloads/CCM/frontend/node_modules/vite/dist/node/chunks/config.js:22746:26)
      at async viteTransformMiddleware (file:///C:/Users/Vikas/Downloads/CCM/frontend/node_modules/vite/dist/node/chunks/config.js:24622:20)
[2m4:28:01 am[22m [31m[1m[vite][22m[39m [31mInternal server error: Failed to resolve import "@mui/icons-material/PersonOutline" from "src/authentication/login.js". Does the file exist?[39m
  Plugin: [35mvite:import-analysis[39m
  File: [36mC:/Users/Vikas/Downloads/CCM/frontend/src/authentication/login.js[39m:6:30
[33m  4  |  import { basicReduxStore } from '../reduxStore';
  5  |  import { setSession, setNewSession } from './cookie';
  6  |  import PersonOutlineIcon from '@mui/icons-material/PersonOutline';
     |                                 ^
  7  |  import LockOutlinedIcon from '@mui/icons-material/LockOutlined';
  8  |  import LoginState from './loginState';[39m
      at TransformPluginContext._formatLog (file:///C:/Users/Vikas/Downloads/CCM/frontend/node_modules/vite/dist/node/chunks/config.js:29079:43)
      at TransformPluginContext.error (file:///C:/Users/Vikas/Downloads/CCM/frontend/node_modules/vite/dist/node/chunks/config.js:29076:14)
      at normalizeUrl (file:///C:/Users/Vikas/Downloads/CCM/frontend/node_modules/vite/dist/node/chunks/config.js:27199:18)
      at async file:///C:/Users/Vikas/Downloads/CCM/frontend/node_modules/vite/dist/node/chunks/config.js:27257:32
      at async Promise.all (index 5)
      at async TransformPluginContext.transform (file:///C:/Users/Vikas/Downloads/CCM/frontend/node_modules/vite/dist/node/chunks/config.js:27225:4)
      at async EnvironmentPluginContainer.transform (file:///C:/Users/Vikas/Downloads/CCM/frontend/node_modules/vite/dist/node/chunks/config.js:28877:14)
      at async loadAndTransform (file:///C:/Users/Vikas/Downloads/CCM/frontend/node_modules/vite/dist/node/chunks/config.js:22746:26)
      at async viteTransformMiddleware (file:///C:/Users/Vikas/Downloads/CCM/frontend/node_modules/vite/dist/node/chunks/config.js:24622:20)
[33mFiles in the public directory are served at the root path.
Instead of [36m/public/img/s_logo.png[33m, use [36m/img/s_logo.png[33m.[39m
[2m4:28:15 am[22m [36m[1m[vite][22m[39m [90m[2m(client)[22m[39m [32mpage reload [39m[2msrc/master/views/activity-master.js[22m
[2m4:28:15 am[22m [31m[1m[vite][22m[39m [31m[2m(client)[22m[39m Pre-transform error: Failed to resolve import "@mui/icons-material/PersonOutline" from "src/authentication/login.js". Does the file exist?
  Plugin: [35mvite:import-analysis[39m
  File: [36mC:/Users/Vikas/Downloads/CCM/frontend/src/authentication/login.js[39m:6:30
[33m  4  |  import { basicReduxStore } from '../reduxStore';
  5  |  import { setSession, setNewSession } from './cookie';
  6  |  import PersonOutlineIcon from '@mui/icons-material/PersonOutline';
     |                                 ^
  7  |  import LockOutlinedIcon from '@mui/icons-material/LockOutlined';
  8  |  import LoginState from './loginState';[39m
[2m4:28:15 am[22m [31m[1m[vite][22m[39m [31m[2m(client)[22m[39m Pre-transform error: Failed to resolve import "@mui/icons-material/PersonOutline" from "src/authentication/login.js". Does the file exist?
  Plugin: [35mvite:import-analysis[39m
  File: [36mC:/Users/Vikas/Downloads/CCM/frontend/src/authentication/login.js[39m:6:30
[33m  4  |  import { basicReduxStore } from '../reduxStore';
  5  |  import { setSession, setNewSession } from './cookie';
  6  |  import PersonOutlineIcon from '@mui/icons-material/PersonOutline';
     |                                 ^
  7  |  import LockOutlinedIcon from '@mui/icons-material/LockOutlined';
  8  |  import LoginState from './loginState';[39m
[2m4:28:16 am[22m [31m[1m[vite][22m[39m [31mInternal server error: Failed to resolve import "@mui/icons-material/PersonOutline" from "src/authentication/login.js". Does the file exist?[39m
  Plugin: [35mvite:import-analysis[39m
  File: [36mC:/Users/Vikas/Downloads/CCM/frontend/src/authentication/login.js[39m:6:30
[33m  4  |  import { basicReduxStore } from '../reduxStore';
  5  |  import { setSession, setNewSession } from './cookie';
  6  |  import PersonOutlineIcon from '@mui/icons-material/PersonOutline';
     |                                 ^
  7  |  import LockOutlinedIcon from '@mui/icons-material/LockOutlined';
  8  |  import LoginState from './loginState';[39m
      at TransformPluginContext._formatLog (file:///C:/Users/Vikas/Downloads/CCM/frontend/node_modules/vite/dist/node/chunks/config.js:29079:43)
      at TransformPluginContext.error (file:///C:/Users/Vikas/Downloads/CCM/frontend/node_modules/vite/dist/node/chunks/config.js:29076:14)
      at normalizeUrl (file:///C:/Users/Vikas/Downloads/CCM/frontend/node_modules/vite/dist/node/chunks/config.js:27199:18)
      at async file:///C:/Users/Vikas/Downloads/CCM/frontend/node_modules/vite/dist/node/chunks/config.js:27257:32
      at async Promise.all (index 5)
      at async TransformPluginContext.transform (file:///C:/Users/Vikas/Downloads/CCM/frontend/node_modules/vite/dist/node/chunks/config.js:27225:4)
      at async EnvironmentPluginContainer.transform (file:///C:/Users/Vikas/Downloads/CCM/frontend/node_modules/vite/dist/node/chunks/config.js:28877:14)
      at async loadAndTransform (file:///C:/Users/Vikas/Downloads/CCM/frontend/node_modules/vite/dist/node/chunks/config.js:22746:26)
      at async viteTransformMiddleware (file:///C:/Users/Vikas/Downloads/CCM/frontend/node_modules/vite/dist/node/chunks/config.js:24622:20)
[2m4:28:16 am[22m [31m[1m[vite][22m[39m [31mInternal server error: Failed to resolve import "@mui/icons-material/PersonOutline" from "src/authentication/login.js". Does the file exist?[39m
  Plugin: [35mvite:import-analysis[39m
  File: [36mC:/Users/Vikas/Downloads/CCM/frontend/src/authentication/login.js[39m:6:30
[33m  4  |  import { basicReduxStore } from '../reduxStore';
  5  |  import { setSession, setNewSession } from './cookie';
  6  |  import PersonOutlineIcon from '@mui/icons-material/PersonOutline';
     |                                 ^
  7  |  import LockOutlinedIcon from '@mui/icons-material/LockOutlined';
  8  |  import LoginState from './loginState';[39m
      at TransformPluginContext._formatLog (file:///C:/Users/Vikas/Downloads/CCM/frontend/node_modules/vite/dist/node/chunks/config.js:29079:43)
      at TransformPluginContext.error (file:///C:/Users/Vikas/Downloads/CCM/frontend/node_modules/vite/dist/node/chunks/config.js:29076:14)
      at normalizeUrl (file:///C:/Users/Vikas/Downloads/CCM/frontend/node_modules/vite/dist/node/chunks/config.js:27199:18)
      at async file:///C:/Users/Vikas/Downloads/CCM/frontend/node_modules/vite/dist/node/chunks/config.js:27257:32
      at async Promise.all (index 5)
      at async TransformPluginContext.transform (file:///C:/Users/Vikas/Downloads/CCM/frontend/node_modules/vite/dist/node/chunks/config.js:27225:4)
      at async EnvironmentPluginContainer.transform (file:///C:/Users/Vikas/Downloads/CCM/frontend/node_modules/vite/dist/node/chunks/config.js:28877:14)
      at async loadAndTransform (file:///C:/Users/Vikas/Downloads/CCM/frontend/node_modules/vite/dist/node/chunks/config.js:22746:26)
      at async viteTransformMiddleware (file:///C:/Users/Vikas/Downloads/CCM/frontend/node_modules/vite/dist/node/chunks/config.js:24622:20)
[33mFiles in the public directory are served at the root path.
Instead of [36m/public/img/s_logo.png[33m, use [36m/img/s_logo.png[33m.[39m
[2m4:28:28 am[22m [36m[1m[vite][22m[39m [90m[2m(client)[22m[39m [32mpage reload [39m[2msrc/master/views/activity-master.js[22m
[2m4:28:28 am[22m [31m[1m[vite][22m[39m [31m[2m(client)[22m[39m Pre-transform error: Failed to resolve import "@mui/icons-material/PersonOutline" from "src/authentication/login.js". Does the file exist?
  Plugin: [35mvite:import-analysis[39m
  File: [36mC:/Users/Vikas/Downloads/CCM/frontend/src/authentication/login.js[39m:6:30
[33m  4  |  import { basicReduxStore } from '../reduxStore';
  5  |  import { setSession, setNewSession } from './cookie';
  6  |  import PersonOutlineIcon from '@mui/icons-material/PersonOutline';
     |                                 ^
  7  |  import LockOutlinedIcon from '@mui/icons-material/LockOutlined';
  8  |  import LoginState from './loginState';[39m
[2m4:28:28 am[22m [31m[1m[vite][22m[39m [31m[2m(client)[22m[39m Pre-transform error: Failed to resolve import "@mui/icons-material/PersonOutline" from "src/authentication/login.js". Does the file exist?
  Plugin: [35mvite:import-analysis[39m
  File: [36mC:/Users/Vikas/Downloads/CCM/frontend/src/authentication/login.js[39m:6:30
[33m  4  |  import { basicReduxStore } from '../reduxStore';
  5  |  import { setSession, setNewSession } from './cookie';
  6  |  import PersonOutlineIcon from '@mui/icons-material/PersonOutline';
     |                                 ^
  7  |  import LockOutlinedIcon from '@mui/icons-material/LockOutlined';
  8  |  import LoginState from './loginState';[39m
[2m4:28:29 am[22m [31m[1m[vite][22m[39m [31mInternal server error: Failed to resolve import "@mui/icons-material/PersonOutline" from "src/authentication/login.js". Does the file exist?[39m
  Plugin: [35mvite:import-analysis[39m
  File: [36mC:/Users/Vikas/Downloads/CCM/frontend/src/authentication/login.js[39m:6:30
[33m  4  |  import { basicReduxStore } from '../reduxStore';
  5  |  import { setSession, setNewSession } from './cookie';
  6  |  import PersonOutlineIcon from '@mui/icons-material/PersonOutline';
     |                                 ^
  7  |  import LockOutlinedIcon from '@mui/icons-material/LockOutlined';
  8  |  import LoginState from './loginState';[39m
      at TransformPluginContext._formatLog (file:///C:/Users/Vikas/Downloads/CCM/frontend/node_modules/vite/dist/node/chunks/config.js:29079:43)
      at TransformPluginContext.error (file:///C:/Users/Vikas/Downloads/CCM/frontend/node_modules/vite/dist/node/chunks/config.js:29076:14)
      at normalizeUrl (file:///C:/Users/Vikas/Downloads/CCM/frontend/node_modules/vite/dist/node/chunks/config.js:27199:18)
      at async file:///C:/Users/Vikas/Downloads/CCM/frontend/node_modules/vite/dist/node/chunks/config.js:27257:32
      at async Promise.all (index 5)
      at async TransformPluginContext.transform (file:///C:/Users/Vikas/Downloads/CCM/frontend/node_modules/vite/dist/node/chunks/config.js:27225:4)
      at async EnvironmentPluginContainer.transform (file:///C:/Users/Vikas/Downloads/CCM/frontend/node_modules/vite/dist/node/chunks/config.js:28877:14)
      at async loadAndTransform (file:///C:/Users/Vikas/Downloads/CCM/frontend/node_modules/vite/dist/node/chunks/config.js:22746:26)
      at async viteTransformMiddleware (file:///C:/Users/Vikas/Downloads/CCM/frontend/node_modules/vite/dist/node/chunks/config.js:24622:20)
[2m4:28:29 am[22m [31m[1m[vite][22m[39m [31mInternal server error: Failed to resolve import "@mui/icons-material/PersonOutline" from "src/authentication/login.js". Does the file exist?[39m
  Plugin: [35mvite:import-analysis[39m
  File: [36mC:/Users/Vikas/Downloads/CCM/frontend/src/authentication/login.js[39m:6:30
[33m  4  |  import { basicReduxStore } from '../reduxStore';
  5  |  import { setSession, setNewSession } from './cookie';
  6  |  import PersonOutlineIcon from '@mui/icons-material/PersonOutline';
     |                                 ^
  7  |  import LockOutlinedIcon from '@mui/icons-material/LockOutlined';
  8  |  import LoginState from './loginState';[39m
      at TransformPluginContext._formatLog (file:///C:/Users/Vikas/Downloads/CCM/frontend/node_modules/vite/dist/node/chunks/config.js:29079:43)
      at TransformPluginContext.error (file:///C:/Users/Vikas/Downloads/CCM/frontend/node_modules/vite/dist/node/chunks/config.js:29076:14)
      at normalizeUrl (file:///C:/Users/Vikas/Downloads/CCM/frontend/node_modules/vite/dist/node/chunks/config.js:27199:18)
      at async file:///C:/Users/Vikas/Downloads/CCM/frontend/node_modules/vite/dist/node/chunks/config.js:27257:32
      at async Promise.all (index 5)
      at async TransformPluginContext.transform (file:///C:/Users/Vikas/Downloads/CCM/frontend/node_modules/vite/dist/node/chunks/config.js:27225:4)
      at async EnvironmentPluginContainer.transform (file:///C:/Users/Vikas/Downloads/CCM/frontend/node_modules/vite/dist/node/chunks/config.js:28877:14)
      at async loadAndTransform (file:///C:/Users/Vikas/Downloads/CCM/frontend/node_modules/vite/dist/node/chunks/config.js:22746:26)
      at async viteTransformMiddleware (file:///C:/Users/Vikas/Downloads/CCM/frontend/node_modules/vite/dist/node/chunks/config.js:24622:20)
[33mFiles in the public directory are served at the root path.
Instead of [36m/public/img/s_logo.png[33m, use [36m/img/s_logo.png[33m.[39m
[2m4:28:40 am[22m [36m[1m[vite][22m[39m [90m[2m(client)[22m[39m [32mpage reload [39m[2msrc/master/views/activity-master.js[22m
[2m4:28:40 am[22m [31m[1m[vite][22m[39m [31m[2m(client)[22m[39m Pre-transform error: Failed to resolve import "@mui/icons-material/PersonOutline" from "src/authentication/login.js". Does the file exist?
  Plugin: [35mvite:import-analysis[39m
  File: [36mC:/Users/Vikas/Downloads/CCM/frontend/src/authentication/login.js[39m:6:30
[33m  4  |  import { basicReduxStore } from '../reduxStore';
  5  |  import { setSession, setNewSession } from './cookie';
  6  |  import PersonOutlineIcon from '@mui/icons-material/PersonOutline';
     |                                 ^
  7  |  import LockOutlinedIcon from '@mui/icons-material/LockOutlined';
  8  |  import LoginState from './loginState';[39m
[2m4:28:40 am[22m [31m[1m[vite][22m[39m [31m[2m(client)[22m[39m Pre-transform error: Failed to resolve import "@mui/icons-material/PersonOutline" from "src/authentication/login.js". Does the file exist?
  Plugin: [35mvite:import-analysis[39m
  File: [36mC:/Users/Vikas/Downloads/CCM/frontend/src/authentication/login.js[39m:6:30
[33m  4  |  import { basicReduxStore } from '../reduxStore';
  5  |  import { setSession, setNewSession } from './cookie';
  6  |  import PersonOutlineIcon from '@mui/icons-material/PersonOutline';
     |                                 ^
  7  |  import LockOutlinedIcon from '@mui/icons-material/LockOutlined';
  8  |  import LoginState from './loginState';[39m
[2m4:28:41 am[22m [31m[1m[vite][22m[39m [31mInternal server error: Failed to resolve import "@mui/icons-material/PersonOutline" from "src/authentication/login.js". Does the file exist?[39m
  Plugin: [35mvite:import-analysis[39m
  File: [36mC:/Users/Vikas/Downloads/CCM/frontend/src/authentication/login.js[39m:6:30
[33m  4  |  import { basicReduxStore } from '../reduxStore';
  5  |  import { setSession, setNewSession } from './cookie';
  6  |  import PersonOutlineIcon from '@mui/icons-material/PersonOutline';
     |                                 ^
  7  |  import LockOutlinedIcon from '@mui/icons-material/LockOutlined';
  8  |  import LoginState from './loginState';[39m
      at TransformPluginContext._formatLog (file:///C:/Users/Vikas/Downloads/CCM/frontend/node_modules/vite/dist/node/chunks/config.js:29079:43)
      at TransformPluginContext.error (file:///C:/Users/Vikas/Downloads/CCM/frontend/node_modules/vite/dist/node/chunks/config.js:29076:14)
      at normalizeUrl (file:///C:/Users/Vikas/Downloads/CCM/frontend/node_modules/vite/dist/node/chunks/config.js:27199:18)
      at async file:///C:/Users/Vikas/Downloads/CCM/frontend/node_modules/vite/dist/node/chunks/config.js:27257:32
      at async Promise.all (index 5)
      at async TransformPluginContext.transform (file:///C:/Users/Vikas/Downloads/CCM/frontend/node_modules/vite/dist/node/chunks/config.js:27225:4)
      at async EnvironmentPluginContainer.transform (file:///C:/Users/Vikas/Downloads/CCM/frontend/node_modules/vite/dist/node/chunks/config.js:28877:14)
      at async loadAndTransform (file:///C:/Users/Vikas/Downloads/CCM/frontend/node_modules/vite/dist/node/chunks/config.js:22746:26)
      at async viteTransformMiddleware (file:///C:/Users/Vikas/Downloads/CCM/frontend/node_modules/vite/dist/node/chunks/config.js:24622:20)
[2m4:28:41 am[22m [31m[1m[vite][22m[39m [31mInternal server error: Failed to resolve import "@mui/icons-material/PersonOutline" from "src/authentication/login.js". Does the file exist?[39m
  Plugin: [35mvite:import-analysis[39m
  File: [36mC:/Users/Vikas/Downloads/CCM/frontend/src/authentication/login.js[39m:6:30
[33m  4  |  import { basicReduxStore } from '../reduxStore';
  5  |  import { setSession, setNewSession } from './cookie';
  6  |  import PersonOutlineIcon from '@mui/icons-material/PersonOutline';
     |                                 ^
  7  |  import LockOutlinedIcon from '@mui/icons-material/LockOutlined';
  8  |  import LoginState from './loginState';[39m
      at TransformPluginContext._formatLog (file:///C:/Users/Vikas/Downloads/CCM/frontend/node_modules/vite/dist/node/chunks/config.js:29079:43)
      at TransformPluginContext.error (file:///C:/Users/Vikas/Downloads/CCM/frontend/node_modules/vite/dist/node/chunks/config.js:29076:14)
      at normalizeUrl (file:///C:/Users/Vikas/Downloads/CCM/frontend/node_modules/vite/dist/node/chunks/config.js:27199:18)
      at async file:///C:/Users/Vikas/Downloads/CCM/frontend/node_modules/vite/dist/node/chunks/config.js:27257:32
      at async Promise.all (index 5)
      at async TransformPluginContext.transform (file:///C:/Users/Vikas/Downloads/CCM/frontend/node_modules/vite/dist/node/chunks/config.js:27225:4)
      at async EnvironmentPluginContainer.transform (file:///C:/Users/Vikas/Downloads/CCM/frontend/node_modules/vite/dist/node/chunks/config.js:28877:14)
      at async loadAndTransform (file:///C:/Users/Vikas/Downloads/CCM/frontend/node_modules/vite/dist/node/chunks/config.js:22746:26)
      at async viteTransformMiddleware (file:///C:/Users/Vikas/Downloads/CCM/frontend/node_modules/vite/dist/node/chunks/config.js:24622:20)
[33mFiles in the public directory are served at the root path.
Instead of [36m/public/img/s_logo.png[33m, use [36m/img/s_logo.png[33m.[39m
[2m4:28:53 am[22m [36m[1m[vite][22m[39m [90m[2m(client)[22m[39m [32mpage reload [39m[2msrc/master/views/activity-master.js[22m
[2m4:28:53 am[22m [31m[1m[vite][22m[39m [31m[2m(client)[22m[39m Pre-transform error: Failed to resolve import "@mui/icons-material/PersonOutline" from "src/authentication/login.js". Does the file exist?
  Plugin: [35mvite:import-analysis[39m
  File: [36mC:/Users/Vikas/Downloads/CCM/frontend/src/authentication/login.js[39m:6:30
[33m  4  |  import { basicReduxStore } from '../reduxStore';
  5  |  import { setSession, setNewSession } from './cookie';
  6  |  import PersonOutlineIcon from '@mui/icons-material/PersonOutline';
     |                                 ^
  7  |  import LockOutlinedIcon from '@mui/icons-material/LockOutlined';
  8  |  import LoginState from './loginState';[39m
[2m4:28:53 am[22m [31m[1m[vite][22m[39m [31m[2m(client)[22m[39m Pre-transform error: Failed to resolve import "@mui/icons-material/PersonOutline" from "src/authentication/login.js". Does the file exist?
  Plugin: [35mvite:import-analysis[39m
  File: [36mC:/Users/Vikas/Downloads/CCM/frontend/src/authentication/login.js[39m:6:30
[33m  4  |  import { basicReduxStore } from '../reduxStore';
  5  |  import { setSession, setNewSession } from './cookie';
  6  |  import PersonOutlineIcon from '@mui/icons-material/PersonOutline';
     |                                 ^
  7  |  import LockOutlinedIcon from '@mui/icons-material/LockOutlined';
  8  |  import LoginState from './loginState';[39m
[2m4:28:53 am[22m [31m[1m[vite][22m[39m [31mInternal server error: Failed to resolve import "@mui/icons-material/PersonOutline" from "src/authentication/login.js". Does the file exist?[39m
  Plugin: [35mvite:import-analysis[39m
  File: [36mC:/Users/Vikas/Downloads/CCM/frontend/src/authentication/login.js[39m:6:30
[33m  4  |  import { basicReduxStore } from '../reduxStore';
  5  |  import { setSession, setNewSession } from './cookie';
  6  |  import PersonOutlineIcon from '@mui/icons-material/PersonOutline';
     |                                 ^
  7  |  import LockOutlinedIcon from '@mui/icons-material/LockOutlined';
  8  |  import LoginState from './loginState';[39m
      at TransformPluginContext._formatLog (file:///C:/Users/Vikas/Downloads/CCM/frontend/node_modules/vite/dist/node/chunks/config.js:29079:43)
      at TransformPluginContext.error (file:///C:/Users/Vikas/Downloads/CCM/frontend/node_modules/vite/dist/node/chunks/config.js:29076:14)
      at normalizeUrl (file:///C:/Users/Vikas/Downloads/CCM/frontend/node_modules/vite/dist/node/chunks/config.js:27199:18)
      at async file:///C:/Users/Vikas/Downloads/CCM/frontend/node_modules/vite/dist/node/chunks/config.js:27257:32
      at async Promise.all (index 5)
      at async TransformPluginContext.transform (file:///C:/Users/Vikas/Downloads/CCM/frontend/node_modules/vite/dist/node/chunks/config.js:27225:4)
      at async EnvironmentPluginContainer.transform (file:///C:/Users/Vikas/Downloads/CCM/frontend/node_modules/vite/dist/node/chunks/config.js:28877:14)
      at async loadAndTransform (file:///C:/Users/Vikas/Downloads/CCM/frontend/node_modules/vite/dist/node/chunks/config.js:22746:26)
      at async viteTransformMiddleware (file:///C:/Users/Vikas/Downloads/CCM/frontend/node_modules/vite/dist/node/chunks/config.js:24622:20)
[2m4:28:53 am[22m [31m[1m[vite][22m[39m [31mInternal server error: Failed to resolve import "@mui/icons-material/PersonOutline" from "src/authentication/login.js". Does the file exist?[39m
  Plugin: [35mvite:import-analysis[39m
  File: [36mC:/Users/Vikas/Downloads/CCM/frontend/src/authentication/login.js[39m:6:30
[33m  4  |  import { basicReduxStore } from '../reduxStore';
  5  |  import { setSession, setNewSession } from './cookie';
  6  |  import PersonOutlineIcon from '@mui/icons-material/PersonOutline';
     |                                 ^
  7  |  import LockOutlinedIcon from '@mui/icons-material/LockOutlined';
  8  |  import LoginState from './loginState';[39m
      at TransformPluginContext._formatLog (file:///C:/Users/Vikas/Downloads/CCM/frontend/node_modules/vite/dist/node/chunks/config.js:29079:43)
      at TransformPluginContext.error (file:///C:/Users/Vikas/Downloads/CCM/frontend/node_modules/vite/dist/node/chunks/config.js:29076:14)
      at normalizeUrl (file:///C:/Users/Vikas/Downloads/CCM/frontend/node_modules/vite/dist/node/chunks/config.js:27199:18)
      at async file:///C:/Users/Vikas/Downloads/CCM/frontend/node_modules/vite/dist/node/chunks/config.js:27257:32
      at async Promise.all (index 5)
      at async TransformPluginContext.transform (file:///C:/Users/Vikas/Downloads/CCM/frontend/node_modules/vite/dist/node/chunks/config.js:27225:4)
      at async EnvironmentPluginContainer.transform (file:///C:/Users/Vikas/Downloads/CCM/frontend/node_modules/vite/dist/node/chunks/config.js:28877:14)
      at async loadAndTransform (file:///C:/Users/Vikas/Downloads/CCM/frontend/node_modules/vite/dist/node/chunks/config.js:22746:26)
      at async viteTransformMiddleware (file:///C:/Users/Vikas/Downloads/CCM/frontend/node_modules/vite/dist/node/chunks/config.js:24622:20)
[33mFiles in the public directory are served at the root path.
Instead of [36m/public/img/s_logo.png[33m, use [36m/img/s_logo.png[33m.[39m
[2m4:30:26 am[22m [36m[1m[vite][22m[39m [90m[2m(client)[22m[39m [32mpage reload [39m[2msrc/master/views/activity-master.js[22m
[2m4:30:26 am[22m [31m[1m[vite][22m[39m [31m[2m(client)[22m[39m Pre-transform error: Failed to resolve import "@mui/icons-material/PersonOutline" from "src/authentication/login.js". Does the file exist?
  Plugin: [35mvite:import-analysis[39m
  File: [36mC:/Users/Vikas/Downloads/CCM/frontend/src/authentication/login.js[39m:6:30
[33m  4  |  import { basicReduxStore } from '../reduxStore';
  5  |  import { setSession, setNewSession } from './cookie';
  6  |  import PersonOutlineIcon from '@mui/icons-material/PersonOutline';
     |                                 ^
  7  |  import LockOutlinedIcon from '@mui/icons-material/LockOutlined';
  8  |  import LoginState from './loginState';[39m
[2m4:30:26 am[22m [31m[1m[vite][22m[39m [31m[2m(client)[22m[39m Pre-transform error: Failed to resolve import "@mui/icons-material/PersonOutline" from "src/authentication/login.js". Does the file exist?
  Plugin: [35mvite:import-analysis[39m
  File: [36mC:/Users/Vikas/Downloads/CCM/frontend/src/authentication/login.js[39m:6:30
[33m  4  |  import { basicReduxStore } from '../reduxStore';
  5  |  import { setSession, setNewSession } from './cookie';
  6  |  import PersonOutlineIcon from '@mui/icons-material/PersonOutline';
     |                                 ^
  7  |  import LockOutlinedIcon from '@mui/icons-material/LockOutlined';
  8  |  import LoginState from './loginState';[39m
[2m4:30:26 am[22m [31m[1m[vite][22m[39m [31mInternal server error: Failed to resolve import "@mui/icons-material/PersonOutline" from "src/authentication/login.js". Does the file exist?[39m
  Plugin: [35mvite:import-analysis[39m
  File: [36mC:/Users/Vikas/Downloads/CCM/frontend/src/authentication/login.js[39m:6:30
[33m  4  |  import { basicReduxStore } from '../reduxStore';
  5  |  import { setSession, setNewSession } from './cookie';
  6  |  import PersonOutlineIcon from '@mui/icons-material/PersonOutline';
     |                                 ^
  7  |  import LockOutlinedIcon from '@mui/icons-material/LockOutlined';
  8  |  import LoginState from './loginState';[39m
      at TransformPluginContext._formatLog (file:///C:/Users/Vikas/Downloads/CCM/frontend/node_modules/vite/dist/node/chunks/config.js:29079:43)
      at TransformPluginContext.error (file:///C:/Users/Vikas/Downloads/CCM/frontend/node_modules/vite/dist/node/chunks/config.js:29076:14)
      at normalizeUrl (file:///C:/Users/Vikas/Downloads/CCM/frontend/node_modules/vite/dist/node/chunks/config.js:27199:18)
      at async file:///C:/Users/Vikas/Downloads/CCM/frontend/node_modules/vite/dist/node/chunks/config.js:27257:32
      at async Promise.all (index 5)
      at async TransformPluginContext.transform (file:///C:/Users/Vikas/Downloads/CCM/frontend/node_modules/vite/dist/node/chunks/config.js:27225:4)
      at async EnvironmentPluginContainer.transform (file:///C:/Users/Vikas/Downloads/CCM/frontend/node_modules/vite/dist/node/chunks/config.js:28877:14)
      at async loadAndTransform (file:///C:/Users/Vikas/Downloads/CCM/frontend/node_modules/vite/dist/node/chunks/config.js:22746:26)
      at async viteTransformMiddleware (file:///C:/Users/Vikas/Downloads/CCM/frontend/node_modules/vite/dist/node/chunks/config.js:24622:20)
[2m4:30:27 am[22m [31m[1m[vite][22m[39m [31mInternal server error: Failed to resolve import "@mui/icons-material/PersonOutline" from "src/authentication/login.js". Does the file exist?[39m
  Plugin: [35mvite:import-analysis[39m
  File: [36mC:/Users/Vikas/Downloads/CCM/frontend/src/authentication/login.js[39m:6:30
[33m  4  |  import { basicReduxStore } from '../reduxStore';
  5  |  import { setSession, setNewSession } from './cookie';
  6  |  import PersonOutlineIcon from '@mui/icons-material/PersonOutline';
     |                                 ^
  7  |  import LockOutlinedIcon from '@mui/icons-material/LockOutlined';
  8  |  import LoginState from './loginState';[39m
      at TransformPluginContext._formatLog (file:///C:/Users/Vikas/Downloads/CCM/frontend/node_modules/vite/dist/node/chunks/config.js:29079:43)
      at TransformPluginContext.error (file:///C:/Users/Vikas/Downloads/CCM/frontend/node_modules/vite/dist/node/chunks/config.js:29076:14)
      at normalizeUrl (file:///C:/Users/Vikas/Downloads/CCM/frontend/node_modules/vite/dist/node/chunks/config.js:27199:18)
      at async file:///C:/Users/Vikas/Downloads/CCM/frontend/node_modules/vite/dist/node/chunks/config.js:27257:32
      at async Promise.all (index 5)
      at async TransformPluginContext.transform (file:///C:/Users/Vikas/Downloads/CCM/frontend/node_modules/vite/dist/node/chunks/config.js:27225:4)
      at async EnvironmentPluginContainer.transform (file:///C:/Users/Vikas/Downloads/CCM/frontend/node_modules/vite/dist/node/chunks/config.js:28877:14)
      at async loadAndTransform (file:///C:/Users/Vikas/Downloads/CCM/frontend/node_modules/vite/dist/node/chunks/config.js:22746:26)
      at async viteTransformMiddleware (file:///C:/Users/Vikas/Downloads/CCM/frontend/node_modules/vite/dist/node/chunks/config.js:24622:20)
[33mFiles in the public directory are served at the root path.
Instead of [36m/public/img/s_logo.png[33m, use [36m/img/s_logo.png[33m.[39m
[2m4:36:04 am[22m [36m[1m[vite][22m[39m [90m[2m(client)[22m[39m [32mpage reload [39m[2msrc/authentication/login.js[22m
[2m4:36:04 am[22m [36m[1m[vite][22m[39m [90m[2m(client)[22m[39m [32mpage reload [39m[2msrc/authentication/login.js[22m
[2m4:36:04 am[22m [31m[1m[vite][22m[39m [31m[2m(client)[22m[39m [31merror while updating dependencies:
Error: ENOENT: no such file or directory, open 'C:\Users\Vikas\Downloads\CCM\frontend\node_modules\@ant-design\icons\es\index.js'
    at async open (node:internal/fs/promises:641:25)
    at async Object.readFile (node:internal/fs/promises:1245:14)
    at async extractExportsData (file:///C:/Users/Vikas/Downloads/CCM/frontend/node_modules/vite/dist/node/chunks/config.js:32350:23)
    at async file:///C:/Users/Vikas/Downloads/CCM/frontend/node_modules/vite/dist/node/chunks/config.js:32157:23
    at async Promise.all (index 4)
    at async prepareEsbuildOptimizerRun (file:///C:/Users/Vikas/Downloads/CCM/frontend/node_modules/vite/dist/node/chunks/config.js:32155:2)[39m
[33mFiles in the public directory are served at the root path.
Instead of [36m/public/img/s_logo.png[33m, use [36m/img/s_logo.png[33m.[39m
[2m4:36:20 am[22m [36m[1m[vite][22m[39m [90m[2m(client)[22m[39m [32mpage reload [39m[2msrc/authentication/login.js[22m
[2m4:36:21 am[22m [31m[1m[vite][22m[39m [31m[2m(client)[22m[39m [31merror while updating dependencies:
Error: ENOENT: no such file or directory, open 'C:\Users\Vikas\Downloads\CCM\frontend\node_modules\@ant-design\icons\es\index.js'
    at async open (node:internal/fs/promises:641:25)
    at async Object.readFile (node:internal/fs/promises:1245:14)
    at async extractExportsData (file:///C:/Users/Vikas/Downloads/CCM/frontend/node_modules/vite/dist/node/chunks/config.js:32350:23)
    at async file:///C:/Users/Vikas/Downloads/CCM/frontend/node_modules/vite/dist/node/chunks/config.js:32157:23
    at async Promise.all (index 4)
    at async prepareEsbuildOptimizerRun (file:///C:/Users/Vikas/Downloads/CCM/frontend/node_modules/vite/dist/node/chunks/config.js:32155:2)[39m
[33mFiles in the public directory are served at the root path.
Instead of [36m/public/img/s_logo.png[33m, use [36m/img/s_logo.png[33m.[39m
[2m4:37:03 am[22m [36m[1m[vite][22m[39m [90m[2m(client)[22m[39m [32mpage reload [39m[2msrc/master/views/project-master.js[22m
[33mFiles in the public directory are served at the root path.
Instead of [36m/public/img/s_logo.png[33m, use [36m/img/s_logo.png[33m.[39m
[2m4:38:12 am[22m [36m[1m[vite][22m[39m [90m[2m(client)[22m[39m [32mpage reload [39m[2msrc/helper/form-helper.js[22m
[33mFiles in the public directory are served at the root path.
Instead of [36m/public/img/s_logo.png[33m, use [36m/img/s_logo.png[33m.[39m
[2m4:38:29 am[22m [36m[1m[vite][22m[39m [90m[2m(client)[22m[39m [32mpage reload [39m[2msrc/helper/form-helper.js[22m
[33mFiles in the public directory are served at the root path.
Instead of [36m/public/img/s_logo.png[33m, use [36m/img/s_logo.png[33m.[39m
[33mFiles in the public directory are served at the root path.
Instead of [36m/public/img/s_logo.png[33m, use [36m/img/s_logo.png[33m.[39m
[33mFiles in the public directory are served at the root path.
Instead of [36m/public/img/s_logo.png[33m, use [36m/img/s_logo.png[33m.[39m
[2m8:10:37 pm[22m [36m[1m[vite][22m[39m [32m.env changed, restarting server...[39m
[2m8:10:38 pm[22m [36m[1m[vite][22m[39m server restarted.

  [32m➜[39m  [1mLocal[22m:   [36mhttp://localhost:[1m5000[22m/master/[39m
  [32m➜[39m  [1mNetwork[22m: [36mhttp://192.168.1.119:[1m5000[22m/master/[39m
[2m8:11:10 pm[22m [36m[1m[vite][22m[39m [90m[2m(client)[22m[39m [32mpage reload [39m[2msrc/authentication/cookie.js[22m
[2m8:12:17 pm[22m [36m[1m[vite][22m[39m [90m[2m(client)[22m[39m [32mpage reload [39m[2msrc/authentication/cookie.js[22m
[2m8:14:40 pm[22m [36m[1m[vite][22m[39m [90m[2m(client)[22m[39m [32mpage reload [39m[2msrc/authentication/login.js[22m
[2m12:53:09 pm[22m [36m[1m[vite][22m[39m [32m.env changed, restarting server...[39m
[2m12:53:10 pm[22m [36m[1m[vite][22m[39m server restarted.

  [32m➜[39m  [1mLocal[22m:   [36mhttp://localhost:[1m5000[22m/master/[39m
  [32m➜[39m  [1mNetwork[22m: [36mhttp://192.168.0.4:[1m5000[22m/master/[39m
[2m12:53:55 pm[22m [36m[1m[vite][22m[39m [90m[2m(client)[22m[39m [32mpage reload [39m[2msrc/authentication/cookie.js[22m
[33mFiles in the public directory are served at the root path.
Instead of [36m/public/img/s_logo.png[33m, use [36m/img/s_logo.png[33m.[39m
[33mFiles in the public directory are served at the root path.
Instead of [36m/public/img/s_logo.png[33m, use [36m/img/s_logo.png[33m.[39m
